"filename", "language", "Markdown", "TypeScript", "C++", "Stylus", "Python", "JSON", "JavaScript", "Batch", "JSON with Comments", "YAML", "C", "Rust", "comment", "blank", "total"
"d:\Users\normalpcer\Documents\sync_code\(Jiandan)_Mua_(I)___Lexical_Analyzer.cpp", "C++", 0, 0, 869, 0, 0, 0, 0, 0, 0, 0, 0, 0, 50, 30, 949
"d:\Users\normalpcer\Documents\sync_code\._P2897_[USACO08JAN]_Artificial_Lake_G.cpp", "C++", 0, 0, 14, 0, 0, 0, 0, 0, 0, 0, 0, 0, 3, 8, 25
"d:\Users\normalpcer\Documents\sync_code\.github\workflows\md2zhihu.yml", "YAML", 0, 0, 0, 0, 0, 0, 0, 0, 0, 16, 0, 0, 0, 1, 17
"d:\Users\normalpcer\Documents\sync_code\.vs\ProjectSettings.json", "JSON", 0, 0, 0, 0, 0, 3, 0, 0, 0, 0, 0, 0, 0, 0, 3
"d:\Users\normalpcer\Documents\sync_code\.vs\VSWorkspaceState.json", "JSON", 0, 0, 0, 0, 0, 7, 0, 0, 0, 0, 0, 0, 0, 0, 7
"d:\Users\normalpcer\Documents\sync_code\.vs\sync_code\v17\DocumentLayout.json", "JSON", 0, 0, 0, 0, 0, 41, 0, 0, 0, 0, 0, 0, 0, 0, 41
"d:\Users\normalpcer\Documents\sync_code\1.json", "JSON", 0, 0, 0, 0, 0, 2812, 0, 0, 0, 0, 0, 0, 0, 1, 2813
"d:\Users\normalpcer\Documents\sync_code\1.md", "Markdown", 59, 0, 0, 0, 0, 0, 0, 0, 0, 0, 0, 0, 0, 5, 64
"d:\Users\normalpcer\Documents\sync_code\1.styl", "Stylus", 0, 0, 0, 54, 0, 0, 0, 0, 0, 0, 0, 0, 27, 11, 92
"d:\Users\normalpcer\Documents\sync_code\1.ts", "TypeScript", 0, 141, 0, 0, 0, 0, 0, 0, 0, 0, 0, 0, 14, 18, 173
"d:\Users\normalpcer\Documents\sync_code\10.md", "Markdown", 79, 0, 0, 0, 0, 0, 0, 0, 0, 0, 0, 0, 0, 41, 120
"d:\Users\normalpcer\Documents\sync_code\2.5.ts", "TypeScript", 0, 15, 0, 0, 0, 0, 0, 0, 0, 0, 0, 0, 12, 3, 30
"d:\Users\normalpcer\Documents\sync_code\2.md", "Markdown", 80, 0, 0, 0, 0, 0, 0, 0, 0, 0, 0, 0, 0, 17, 97
"d:\Users\normalpcer\Documents\sync_code\2.ts", "TypeScript", 0, 42, 0, 0, 0, 0, 0, 0, 0, 0, 0, 0, 12, 5, 59
"d:\Users\normalpcer\Documents\sync_code\20241112\fight\fight.cpp", "C++", 0, 0, 47, 0, 0, 0, 0, 0, 0, 0, 0, 0, 2, 7, 56
"d:\Users\normalpcer\Documents\sync_code\20241112\fight\fight2.cpp", "C++", 0, 0, 54, 0, 0, 0, 0, 0, 0, 0, 0, 0, 0, 7, 61
"d:\Users\normalpcer\Documents\sync_code\20241112\fight\template.cpp", "C++", 0, 0, 35, 0, 0, 0, 0, 0, 0, 0, 0, 0, 0, 7, 42
"d:\Users\normalpcer\Documents\sync_code\20241112\game\game.cpp", "C++", 0, 0, 42, 0, 0, 0, 0, 0, 0, 0, 0, 0, 0, 6, 48
"d:\Users\normalpcer\Documents\sync_code\20241112\game\template.cpp", "C++", 0, 0, 35, 0, 0, 0, 0, 0, 0, 0, 0, 0, 0, 7, 42
"d:\Users\normalpcer\Documents\sync_code\20241112\internet\internet.cpp", "C++", 0, 0, 94, 0, 0, 0, 0, 0, 0, 0, 0, 0, 2, 8, 104
"d:\Users\normalpcer\Documents\sync_code\20241112\internet\template.cpp", "C++", 0, 0, 35, 0, 0, 0, 0, 0, 0, 0, 0, 0, 0, 7, 42
"d:\Users\normalpcer\Documents\sync_code\20241112\template.cpp", "C++", 0, 0, 35, 0, 0, 0, 0, 0, 0, 0, 0, 0, 0, 7, 42
"d:\Users\normalpcer\Documents\sync_code\20241112\trans\template.cpp", "C++", 0, 0, 35, 0, 0, 0, 0, 0, 0, 0, 0, 0, 0, 7, 42
"d:\Users\normalpcer\Documents\sync_code\20241112\trans\trans.cpp", "C++", 0, 0, 80, 0, 0, 0, 0, 0, 0, 0, 0, 0, 28, 11, 119
"d:\Users\normalpcer\Documents\sync_code\20241112\trans\trans_copy.cpp", "C++", 0, 0, 75, 0, 0, 0, 0, 0, 0, 0, 0, 0, 1, 10, 86
"d:\Users\normalpcer\Documents\sync_code\20241119\T1\T1 copy.cpp", "C++", 0, 0, 62, 0, 0, 0, 0, 0, 0, 0, 0, 0, 0, 9, 71
"d:\Users\normalpcer\Documents\sync_code\20241119\T1\T1.cpp", "C++", 0, 0, 61, 0, 0, 0, 0, 0, 0, 0, 0, 0, 7, 14, 82
"d:\Users\normalpcer\Documents\sync_code\20241119\T1\template.cpp", "C++", 0, 0, 9, 0, 0, 0, 0, 0, 0, 0, 0, 0, 0, 3, 12
"d:\Users\normalpcer\Documents\sync_code\20241119\T2\T2.cpp", "C++", 0, 0, 47, 0, 0, 0, 0, 0, 0, 0, 0, 0, 2, 9, 58
"d:\Users\normalpcer\Documents\sync_code\20241119\T2\template.cpp", "C++", 0, 0, 11, 0, 0, 0, 0, 0, 0, 0, 0, 0, 0, 3, 14
"d:\Users\normalpcer\Documents\sync_code\20241119\T3\T3.cpp", "C++", 0, 0, 57, 0, 0, 0, 0, 0, 0, 0, 0, 0, 3, 11, 71
"d:\Users\normalpcer\Documents\sync_code\20241119\T3\template.cpp", "C++", 0, 0, 11, 0, 0, 0, 0, 0, 0, 0, 0, 0, 0, 3, 14
"d:\Users\normalpcer\Documents\sync_code\20241119\template.cpp", "C++", 0, 0, 11, 0, 0, 0, 0, 0, 0, 0, 0, 0, 0, 3, 14
"d:\Users\normalpcer\Documents\sync_code\20241121\subseq3\subseq3.cpp", "C++", 0, 0, 85, 0, 0, 0, 0, 0, 0, 0, 0, 0, 4, 16, 105
"d:\Users\normalpcer\Documents\sync_code\20241121\subseq3\template.cpp", "C++", 0, 0, 19, 0, 0, 0, 0, 0, 0, 0, 0, 0, 0, 3, 22
"d:\Users\normalpcer\Documents\sync_code\20241121\subseq\subseq.cpp", "C++", 0, 0, 57, 0, 0, 0, 0, 0, 0, 0, 0, 0, 3, 9, 69
"d:\Users\normalpcer\Documents\sync_code\20241121\subseq\template.cpp", "C++", 0, 0, 19, 0, 0, 0, 0, 0, 0, 0, 0, 0, 0, 4, 23
"d:\Users\normalpcer\Documents\sync_code\20241121\template.cpp", "C++", 0, 0, 19, 0, 0, 0, 0, 0, 0, 0, 0, 0, 0, 4, 23
"d:\Users\normalpcer\Documents\sync_code\20241121\tree\template.cpp", "C++", 0, 0, 19, 0, 0, 0, 0, 0, 0, 0, 0, 0, 0, 4, 23
"d:\Users\normalpcer\Documents\sync_code\20241121\tree\tree.cpp", "C++", 0, 0, 66, 0, 0, 0, 0, 0, 0, 0, 0, 0, 5, 16, 87
"d:\Users\normalpcer\Documents\sync_code\20241121\triring\triring.cpp", "C++", 0, 0, 20, 0, 0, 0, 0, 0, 0, 0, 0, 0, 0, 3, 23
"d:\Users\normalpcer\Documents\sync_code\20241127\A\A.cpp", "C++", 0, 0, 81, 0, 0, 0, 0, 0, 0, 0, 0, 0, 0, 19, 100
"d:\Users\normalpcer\Documents\sync_code\20241127\A\template.cpp", "C++", 0, 0, 23, 0, 0, 0, 0, 0, 0, 0, 0, 0, 0, 6, 29
"d:\Users\normalpcer\Documents\sync_code\20241127\B\B.cpp", "C++", 0, 0, 159, 0, 0, 0, 0, 0, 0, 0, 0, 0, 6, 31, 196
"d:\Users\normalpcer\Documents\sync_code\20241127\B\template.cpp", "C++", 0, 0, 23, 0, 0, 0, 0, 0, 0, 0, 0, 0, 0, 6, 29
"d:\Users\normalpcer\Documents\sync_code\20241127\C\C.cpp", "C++", 0, 0, 101, 0, 0, 0, 0, 0, 0, 0, 0, 0, 3, 18, 122
"d:\Users\normalpcer\Documents\sync_code\20241127\C\template.cpp", "C++", 0, 0, 23, 0, 0, 0, 0, 0, 0, 0, 0, 0, 0, 6, 29
"d:\Users\normalpcer\Documents\sync_code\20241127\template.cpp", "C++", 0, 0, 23, 0, 0, 0, 0, 0, 0, 0, 0, 0, 0, 6, 29
"d:\Users\normalpcer\Documents\sync_code\20241128\control\control.cpp", "C++", 0, 0, 115, 0, 0, 0, 0, 0, 0, 0, 0, 0, 11, 26, 152
"d:\Users\normalpcer\Documents\sync_code\20241128\control\template.cpp", "C++", 0, 0, 29, 0, 0, 0, 0, 0, 0, 0, 0, 0, 0, 10, 39
"d:\Users\normalpcer\Documents\sync_code\20241128\lcm\lcm.cpp", "C++", 0, 0, 63, 0, 0, 0, 0, 0, 0, 0, 0, 0, 2, 17, 82
"d:\Users\normalpcer\Documents\sync_code\20241128\lcm\template.cpp", "C++", 0, 0, 29, 0, 0, 0, 0, 0, 0, 0, 0, 0, 0, 10, 39
"d:\Users\normalpcer\Documents\sync_code\20241128\plan\plan.cpp", "C++", 0, 0, 79, 0, 0, 0, 0, 0, 0, 0, 0, 0, 1, 19, 99
"d:\Users\normalpcer\Documents\sync_code\20241128\plan\rand.py", "Python", 0, 0, 0, 0, 6, 0, 0, 0, 0, 0, 0, 0, 0, 2, 8
"d:\Users\normalpcer\Documents\sync_code\20241128\plan\template.cpp", "C++", 0, 0, 29, 0, 0, 0, 0, 0, 0, 0, 0, 0, 0, 10, 39
"d:\Users\normalpcer\Documents\sync_code\20241128\template.cpp", "C++", 0, 0, 29, 0, 0, 0, 0, 0, 0, 0, 0, 0, 0, 10, 39
"d:\Users\normalpcer\Documents\sync_code\20250222\edit\edit.cpp", "C++", 0, 0, 56, 0, 0, 0, 0, 0, 0, 0, 0, 0, 14, 11, 81
"d:\Users\normalpcer\Documents\sync_code\20250222\edit\template.cpp", "C++", 0, 0, 17, 0, 0, 0, 0, 0, 0, 0, 0, 0, 0, 4, 21
"d:\Users\normalpcer\Documents\sync_code\20250222\gcd\gcd.cpp", "C++", 0, 0, 87, 0, 0, 0, 0, 0, 0, 0, 0, 0, 15, 13, 115
"d:\Users\normalpcer\Documents\sync_code\20250222\gcd\gcd.py", "Python", 0, 0, 0, 0, 67, 0, 0, 0, 0, 0, 0, 0, 9, 7, 83
"d:\Users\normalpcer\Documents\sync_code\20250222\gcd\gcd_80pts.cpp", "C++", 0, 0, 86, 0, 0, 0, 0, 0, 0, 0, 0, 0, 12, 13, 111
"d:\Users\normalpcer\Documents\sync_code\20250222\gcd\gen.py", "Python", 0, 0, 0, 0, 16, 0, 0, 0, 0, 0, 0, 0, 0, 5, 21
"d:\Users\normalpcer\Documents\sync_code\20250222\gcd\template.cpp", "C++", 0, 0, 17, 0, 0, 0, 0, 0, 0, 0, 0, 0, 0, 4, 21
"d:\Users\normalpcer\Documents\sync_code\20250222\split\split.cpp", "C++", 0, 0, 31, 0, 0, 0, 0, 0, 0, 0, 0, 0, 4, 5, 40
"d:\Users\normalpcer\Documents\sync_code\20250222\split\template.cpp", "C++", 0, 0, 16, 0, 0, 0, 0, 0, 0, 0, 0, 0, 0, 3, 19
"d:\Users\normalpcer\Documents\sync_code\20250222\template.cpp", "C++", 0, 0, 17, 0, 0, 0, 0, 0, 0, 0, 0, 0, 0, 4, 21
"d:\Users\normalpcer\Documents\sync_code\20250222\xorsum\check_arena0.cpp", "C++", 0, 0, 17, 0, 0, 0, 0, 0, 0, 0, 0, 0, 0, 4, 21
"d:\Users\normalpcer\Documents\sync_code\20250222\xorsum\template.cpp", "C++", 0, 0, 17, 0, 0, 0, 0, 0, 0, 0, 0, 0, 0, 4, 21
"d:\Users\normalpcer\Documents\sync_code\20250222\xorsum\xorsum.cpp", "C++", 0, 0, 56, 0, 0, 0, 0, 0, 0, 0, 0, 0, 14, 11, 81
"d:\Users\normalpcer\Documents\sync_code\20250314\T1\T1.cpp", "C++", 0, 0, 73, 0, 0, 0, 0, 0, 0, 0, 0, 0, 23, 9, 105
"d:\Users\normalpcer\Documents\sync_code\20250314\T2\T2.cpp", "C++", 0, 0, 87, 0, 0, 0, 0, 0, 0, 0, 0, 0, 8, 12, 107
"d:\Users\normalpcer\Documents\sync_code\20250314\T3\T3.cpp", "C++", 0, 0, 67, 0, 0, 0, 0, 0, 0, 0, 0, 0, 31, 8, 106
"d:\Users\normalpcer\Documents\sync_code\20250314\T4\T4.cpp", "C++", 0, 0, 50, 0, 0, 0, 0, 0, 0, 0, 0, 0, 6, 8, 64
"d:\Users\normalpcer\Documents\sync_code\20250322\T1\T1.cpp", "C++", 0, 0, 30, 0, 0, 0, 0, 0, 0, 0, 0, 0, 11, 9, 50
"d:\Users\normalpcer\Documents\sync_code\20250322\T2\T2.cpp", "C++", 0, 0, 79, 0, 0, 0, 0, 0, 0, 0, 0, 0, 24, 16, 119
"d:\Users\normalpcer\Documents\sync_code\20250322\T3\T3.cpp", "C++", 0, 0, 58, 0, 0, 0, 0, 0, 0, 0, 0, 0, 2, 10, 70
"d:\Users\normalpcer\Documents\sync_code\20250322\T4\T4.cpp", "C++", 0, 0, 57, 0, 0, 0, 0, 0, 0, 0, 0, 0, 0, 8, 65
"d:\Users\normalpcer\Documents\sync_code\20250322\template.cpp", "C++", 0, 0, 21, 0, 0, 0, 0, 0, 0, 0, 0, 0, 0, 7, 28
"d:\Users\normalpcer\Documents\sync_code\3.md", "Markdown", 1, 0, 0, 0, 0, 0, 0, 0, 0, 0, 0, 0, 0, 0, 1
"d:\Users\normalpcer\Documents\sync_code\3.py", "Python", 0, 0, 0, 0, 42, 0, 0, 0, 0, 0, 0, 0, 11, 2, 55
"d:\Users\normalpcer\Documents\sync_code\3.ts", "TypeScript", 0, 62, 0, 0, 0, 0, 0, 0, 0, 0, 0, 0, 14, 9, 85
"d:\Users\normalpcer\Documents\sync_code\4.md", "Markdown", 5, 0, 0, 0, 0, 0, 0, 0, 0, 0, 0, 0, 0, 4, 9
"d:\Users\normalpcer\Documents\sync_code\4.py", "Python", 0, 0, 0, 0, 13, 0, 0, 0, 0, 0, 0, 0, 2, 1, 16
"d:\Users\normalpcer\Documents\sync_code\4.ts", "TypeScript", 0, 1, 0, 0, 0, 0, 0, 0, 0, 0, 0, 0, 0, 0, 1
"d:\Users\normalpcer\Documents\sync_code\5.md", "Markdown", 6, 0, 0, 0, 0, 0, 0, 0, 0, 0, 0, 0, 0, 5, 11
"d:\Users\normalpcer\Documents\sync_code\5.py", "Python", 0, 0, 0, 0, 24, 0, 0, 0, 0, 0, 0, 0, 0, 8, 32
"d:\Users\normalpcer\Documents\sync_code\5.ts", "TypeScript", 0, 74, 0, 0, 0, 0, 0, 0, 0, 0, 0, 0, 28, 9, 111
"d:\Users\normalpcer\Documents\sync_code\6.md", "Markdown", 5, 0, 0, 0, 0, 0, 0, 0, 0, 0, 0, 0, 0, 6, 11
"d:\Users\normalpcer\Documents\sync_code\6.py", "Python", 0, 0, 0, 0, 11, 0, 0, 0, 0, 0, 0, 0, 2, 1, 14
"d:\Users\normalpcer\Documents\sync_code\6.ts", "TypeScript", 0, 137, 0, 0, 0, 0, 0, 0, 0, 0, 0, 0, 16, 18, 171
"d:\Users\normalpcer\Documents\sync_code\7.md", "Markdown", 6, 0, 0, 0, 0, 0, 0, 0, 0, 0, 0, 0, 0, 5, 11
"d:\Users\normalpcer\Documents\sync_code\7.py", "Python", 0, 0, 0, 0, 1, 0, 0, 0, 0, 0, 0, 0, 0, 1, 2
"d:\Users\normalpcer\Documents\sync_code\7.ts", "TypeScript", 0, 51, 0, 0, 0, 0, 0, 0, 0, 0, 0, 0, 12, 8, 71
"d:\Users\normalpcer\Documents\sync_code\8.md", "Markdown", 7, 0, 0, 0, 0, 0, 0, 0, 0, 0, 0, 0, 0, 4, 11
"d:\Users\normalpcer\Documents\sync_code\9.md", "Markdown", 12, 0, 0, 0, 0, 0, 0, 0, 0, 0, 0, 0, 0, 1, 13
"d:\Users\normalpcer\Documents\sync_code\ABC246G_Game_on_Tree_3.cpp", "C++", 0, 0, 52, 0, 0, 0, 0, 0, 0, 0, 0, 0, 4, 10, 66
"d:\Users\normalpcer\Documents\sync_code\ABC246d_2_variable_Function.cpp", "C++", 0, 0, 29, 0, 0, 0, 0, 0, 0, 0, 0, 0, 3, 6, 38
"d:\Users\normalpcer\Documents\sync_code\ABC246e_Bishop_2.cpp", "C++", 0, 0, 56, 0, 0, 0, 0, 0, 0, 0, 0, 0, 4, 6, 66
"d:\Users\normalpcer\Documents\sync_code\ABC246f_typewriter.cpp", "C++", 0, 0, 41, 0, 0, 0, 0, 0, 0, 0, 0, 0, 6, 8, 55
"d:\Users\normalpcer\Documents\sync_code\ABC249c_Just_K.cpp", "C++", 0, 0, 31, 0, 0, 0, 0, 0, 0, 0, 0, 0, 3, 10, 44
"d:\Users\normalpcer\Documents\sync_code\ABC249d_Index_Trio.cpp", "C++", 0, 0, 101, 0, 0, 0, 0, 0, 0, 0, 0, 0, 9, 21, 131
"d:\Users\normalpcer\Documents\sync_code\ABC249e_RLE.cpp", "C++", 0, 0, 62, 0, 0, 0, 0, 0, 0, 0, 0, 0, 21, 10, 93
"d:\Users\normalpcer\Documents\sync_code\ABC249f_Ignore_Operations.cpp", "C++", 0, 0, 49, 0, 0, 0, 0, 0, 0, 0, 0, 0, 22, 10, 81
"d:\Users\normalpcer\Documents\sync_code\ABC253e_Distance_Sequence.cpp", "C++", 0, 0, 41, 0, 0, 0, 0, 0, 0, 0, 0, 0, 5, 11, 57
"d:\Users\normalpcer\Documents\sync_code\ABC253f_Operations_on_a_Matrix.cpp", "C++", 0, 0, 86, 0, 0, 0, 0, 0, 0, 0, 0, 0, 8, 11, 105
"d:\Users\normalpcer\Documents\sync_code\ABC253g_Swap_Many_Times.cpp", "C++", 0, 0, 51, 0, 0, 0, 0, 0, 0, 0, 0, 0, 7, 12, 70
"d:\Users\normalpcer\Documents\sync_code\ABC261d_Flipping_and_Bonus.cpp", "C++", 0, 0, 43, 0, 0, 0, 0, 0, 0, 0, 0, 0, 8, 11, 62
"d:\Users\normalpcer\Documents\sync_code\ABC261e.md", "Markdown", 88, 0, 0, 0, 0, 0, 0, 0, 0, 0, 0, 0, 0, 10, 98
"d:\Users\normalpcer\Documents\sync_code\ABC261e_Many_Operations.cpp", "C++", 0, 0, 60, 0, 0, 0, 0, 0, 0, 0, 0, 0, 14, 11, 85
"d:\Users\normalpcer\Documents\sync_code\ABC261e_Many_Operations_optimize.cpp", "C++", 0, 0, 39, 0, 0, 0, 0, 0, 0, 0, 0, 0, 13, 10, 62
"d:\Users\normalpcer\Documents\sync_code\ABC261f_Sorting_Color_Balls.cpp", "C++", 0, 0, 71, 0, 0, 0, 0, 0, 0, 0, 0, 0, 7, 12, 90
"d:\Users\normalpcer\Documents\sync_code\ABC264E_Blackout_2.cpp", "C++", 0, 0, 66, 0, 0, 0, 0, 0, 0, 0, 0, 0, 7, 7, 80
"d:\Users\normalpcer\Documents\sync_code\ABC264c_Matrix_Reducing.cpp", "C++", 0, 0, 87, 0, 0, 0, 0, 0, 0, 0, 0, 0, 6, 6, 99
"d:\Users\normalpcer\Documents\sync_code\ABC264d__redocta_.swap_i_i+1.cpp", "C++", 0, 0, 29, 0, 0, 0, 0, 0, 0, 0, 0, 0, 4, 6, 39
"d:\Users\normalpcer\Documents\sync_code\ABC264f_Monochromatic_Path.cpp", "C++", 0, 0, 89, 0, 0, 0, 0, 0, 0, 0, 0, 0, 6, 9, 104
"d:\Users\normalpcer\Documents\sync_code\ABC267f_Exactly_K_Steps.cpp", "C++", 0, 0, 131, 0, 0, 0, 0, 0, 0, 0, 0, 0, 11, 32, 174
"d:\Users\normalpcer\Documents\sync_code\ABC268G_Random_Student_ID.cpp", "C++", 0, 0, 64, 0, 0, 0, 0, 0, 0, 0, 0, 0, 17, 11, 92
"d:\Users\normalpcer\Documents\sync_code\ABC268c_Chinese_Restaurant.cpp", "C++", 0, 0, 29, 0, 0, 0, 0, 0, 0, 0, 0, 0, 10, 8, 47
"d:\Users\normalpcer\Documents\sync_code\ABC268d_Unique_Username.cpp", "C++", 0, 0, 70, 0, 0, 0, 0, 0, 0, 0, 0, 0, 8, 9, 87
"d:\Users\normalpcer\Documents\sync_code\ABC268e_Chinese_Restaurant_(Three_Star_Version).cpp", "C++", 0, 0, 53, 0, 0, 0, 0, 0, 0, 0, 0, 0, 25, 13, 91
"d:\Users\normalpcer\Documents\sync_code\ABC268f_Best_Concatenation.cpp", "C++", 0, 0, 49, 0, 0, 0, 0, 0, 0, 0, 0, 0, 12, 12, 73
"d:\Users\normalpcer\Documents\sync_code\ABC269B_Rectangle_Detection.cpp", "C++", 0, 0, 26, 0, 0, 0, 0, 0, 0, 0, 0, 0, 3, 9, 38
"d:\Users\normalpcer\Documents\sync_code\ABC269G_Reversible_Cards_2.cpp", "C++", 0, 0, 67, 0, 0, 0, 0, 0, 0, 0, 0, 0, 12, 11, 90
"d:\Users\normalpcer\Documents\sync_code\ABC269c_Submask.cpp", "C++", 0, 0, 22, 0, 0, 0, 0, 0, 0, 0, 0, 0, 3, 7, 32
"d:\Users\normalpcer\Documents\sync_code\ABC269d_Do_use_hexagon_grid.cpp", "C++", 0, 0, 46, 0, 0, 0, 0, 0, 0, 0, 0, 0, 13, 10, 69
"d:\Users\normalpcer\Documents\sync_code\ABC269e_Last_Rook.cpp", "C++", 0, 0, 31, 0, 0, 0, 0, 0, 0, 0, 0, 0, 18, 9, 58
"d:\Users\normalpcer\Documents\sync_code\ABC269f_Numbered_Checker.cpp", "C++", 0, 0, 42, 0, 0, 0, 0, 0, 0, 0, 0, 0, 18, 8, 68
"d:\Users\normalpcer\Documents\sync_code\ABC270c_Simple_path.cpp", "C++", 0, 0, 43, 0, 0, 0, 0, 0, 0, 0, 0, 0, 3, 13, 59
"d:\Users\normalpcer\Documents\sync_code\ABC270e_Apple_Baskets_on_Circle.cpp", "C++", 0, 0, 61, 0, 0, 0, 0, 0, 0, 0, 0, 0, 10, 11, 82
"d:\Users\normalpcer\Documents\sync_code\ABC270f_Transportation.cpp", "C++", 0, 0, 66, 0, 0, 0, 0, 0, 0, 0, 0, 0, 9, 14, 89
"d:\Users\normalpcer\Documents\sync_code\ABC270g_Sequence_in_mod_P.cpp", "C++", 0, 0, 76, 0, 0, 0, 0, 0, 0, 0, 0, 0, 26, 11, 113
"d:\Users\normalpcer\Documents\sync_code\ABC271f_XOR_on_Grid_Path.cpp", "C++", 0, 0, 70, 0, 0, 0, 0, 0, 0, 0, 0, 0, 3, 13, 86
"d:\Users\normalpcer\Documents\sync_code\ABC273F_Hammer_2.cpp", "C++", 0, 0, 61, 0, 0, 0, 0, 0, 0, 0, 0, 0, 9, 11, 81
"d:\Users\normalpcer\Documents\sync_code\ABC273F_Hammer_2_solution.md", "Markdown", 108, 0, 0, 0, 0, 0, 0, 0, 0, 0, 0, 0, 0, 36, 144
"d:\Users\normalpcer\Documents\sync_code\ABC275c_Counting_Squares.cpp", "C++", 0, 0, 50, 0, 0, 0, 0, 0, 0, 0, 0, 0, 4, 11, 65
"d:\Users\normalpcer\Documents\sync_code\ABC275c_Counting_Squares_(Optimize).cpp", "C++", 0, 0, 39, 0, 0, 0, 0, 0, 0, 0, 0, 0, 7, 10, 56
"d:\Users\normalpcer\Documents\sync_code\ABC275e_Sugoroku_4.cpp", "C++", 0, 0, 40, 0, 0, 0, 0, 0, 0, 0, 0, 0, 9, 9, 58
"d:\Users\normalpcer\Documents\sync_code\ABC275f_Erase_Subarrays.cpp", "C++", 0, 0, 35, 0, 0, 0, 0, 0, 0, 0, 0, 0, 13, 8, 56
"d:\Users\normalpcer\Documents\sync_code\ABC276b_Adjacency_List.cpp", "C++", 0, 0, 29, 0, 0, 0, 0, 0, 0, 0, 0, 0, 3, 7, 39
"d:\Users\normalpcer\Documents\sync_code\ABC276c_Previous_Permutation.cpp", "C++", 0, 0, 21, 0, 0, 0, 0, 0, 0, 0, 0, 0, 3, 8, 32
"d:\Users\normalpcer\Documents\sync_code\ABC276d_Divide_by_2_or_3.cpp", "C++", 0, 0, 32, 0, 0, 0, 0, 0, 0, 0, 0, 0, 4, 8, 44
"d:\Users\normalpcer\Documents\sync_code\ABC276e_Round_Trip.cpp", "C++", 0, 0, 71, 0, 0, 0, 0, 0, 0, 0, 0, 0, 3, 14, 88
"d:\Users\normalpcer\Documents\sync_code\ABC276f_Double_Chance.cpp", "C++", 0, 0, 63, 0, 0, 0, 0, 0, 0, 0, 0, 0, 23, 10, 96
"d:\Users\normalpcer\Documents\sync_code\ABC276g_Count_Sequences.cpp", "C++", 0, 0, 65, 0, 0, 0, 0, 0, 0, 0, 0, 0, 32, 12, 109
"d:\Users\normalpcer\Documents\sync_code\ABC282F_Union_of_Two_Sets.cpp", "C++", 0, 0, 45, 0, 0, 0, 0, 0, 0, 0, 0, 0, 3, 13, 61
"d:\Users\normalpcer\Documents\sync_code\ABC300g_P_smooth_number.cpp", "C++", 0, 0, 55, 0, 0, 0, 0, 0, 0, 0, 0, 0, 5, 10, 70
"d:\Users\normalpcer\Documents\sync_code\ABC324a_Same.cpp", "C++", 0, 0, 45, 0, 0, 0, 0, 0, 0, 0, 0, 0, 4, 5, 54
"d:\Users\normalpcer\Documents\sync_code\ABC324b_Smooth_Numbers.cpp", "C++", 0, 0, 41, 0, 0, 0, 0, 0, 0, 0, 0, 0, 4, 5, 50
"d:\Users\normalpcer\Documents\sync_code\ABC324c_Error_Correction.cpp", "C++", 0, 0, 93, 0, 0, 0, 0, 0, 0, 0, 0, 0, 5, 9, 107
"d:\Users\normalpcer\Documents\sync_code\ABC324d_Square_Permutation.cpp", "C++", 0, 0, 65, 0, 0, 0, 0, 0, 0, 0, 0, 0, 11, 12, 88
"d:\Users\normalpcer\Documents\sync_code\ABC324e_Join_Two_String.cpp", "C++", 0, 0, 72, 0, 0, 0, 0, 0, 0, 0, 0, 0, 19, 14, 105
"d:\Users\normalpcer\Documents\sync_code\ABC364b_Grid_Walk.cpp", "C++", 0, 0, 171, 0, 0, 0, 0, 0, 0, 0, 0, 0, 13, 11, 195
"d:\Users\normalpcer\Documents\sync_code\ABC364c_Minimum_Glutton.cpp", "C++", 0, 0, 165, 0, 0, 0, 0, 0, 0, 0, 0, 0, 15, 15, 195
"d:\Users\normalpcer\Documents\sync_code\ABC364d_K_th_Nearest.cpp", "C++", 0, 0, 163, 0, 0, 0, 0, 0, 0, 0, 0, 0, 13, 11, 187
"d:\Users\normalpcer\Documents\sync_code\ABC364e_Maximum_Glutton.cpp", "C++", 0, 0, 165, 0, 0, 0, 0, 0, 0, 0, 0, 0, 14, 10, 189
"d:\Users\normalpcer\Documents\sync_code\ABC366e_Manhattan_Multifocal_Ellipse.cpp", "C++", 0, 0, 83, 0, 0, 0, 0, 0, 0, 0, 0, 0, 9, 14, 106
"d:\Users\normalpcer\Documents\sync_code\ABC369E_Sightseeing_Tour.cpp", "C++", 0, 0, 73, 0, 0, 0, 0, 0, 0, 0, 0, 0, 5, 12, 90
"d:\Users\normalpcer\Documents\sync_code\ABC369F_Gather_Coins.cpp", "C++", 0, 0, 66, 0, 0, 0, 0, 0, 0, 0, 0, 0, 8, 18, 92
"d:\Users\normalpcer\Documents\sync_code\ABC386f.check_gen.cpp", "C++", 0, 0, 46, 0, 0, 0, 0, 0, 0, 0, 0, 0, 1, 6, 53
"d:\Users\normalpcer\Documents\sync_code\ABC386f_Operate_K.cpp", "C++", 0, 0, 55, 0, 0, 0, 0, 0, 0, 0, 0, 0, 16, 12, 83
"d:\Users\normalpcer\Documents\sync_code\ARC160a_Reverse_and_count.cpp", "C++", 0, 0, 194, 0, 0, 0, 0, 0, 0, 0, 0, 0, 5, 13, 212
"d:\Users\normalpcer\Documents\sync_code\ARC166A_Replace_C_or_Swap_AB.cpp", "C++", 0, 0, 227, 0, 0, 0, 0, 0, 0, 0, 0, 0, 28, 38, 293
"d:\Users\normalpcer\Documents\sync_code\AT_abc204_f_[ABC204F]_Hanjo_2.cpp", "C++", 0, 0, 92, 0, 0, 0, 0, 0, 0, 0, 0, 0, 41, 23, 156
"d:\Users\normalpcer\Documents\sync_code\AT_birthday0410_x_この問題はほんとうにひどい問題であるため，できれば先に他の問題のほうをお楽しみいただければと思っておりまして，ですので他の問題を通し終えて暇になり，かつその暇を.cpp", "C++", 0, 0, 454, 0, 0, 0, 0, 0, 0, 0, 0, 0, 67, 71, 592
"d:\Users\normalpcer\Documents\sync_code\BDGD 算法.md", "Markdown", 44, 0, 0, 0, 0, 0, 0, 0, 0, 0, 0, 0, 0, 18, 62
"d:\Users\normalpcer\Documents\sync_code\C++算法库.md", "Markdown", 320, 0, 0, 0, 0, 0, 0, 0, 0, 0, 0, 0, 0, 211, 531
"d:\Users\normalpcer\Documents\sync_code\CF1045G_AI_robots.cpp", "C++", 0, 0, 83, 0, 0, 0, 0, 0, 0, 0, 0, 0, 5, 8, 96
"d:\Users\normalpcer\Documents\sync_code\CF1304F2_Animal_Observation_hard_version.cpp", "C++", 0, 0, 161, 0, 0, 0, 0, 0, 0, 0, 0, 0, 16, 15, 192
"d:\Users\normalpcer\Documents\sync_code\CF1557D_Ezzat_and_Grid.cpp", "C++", 0, 0, 138, 0, 0, 0, 0, 0, 0, 0, 0, 0, 4, 11, 153
"d:\Users\normalpcer\Documents\sync_code\CF1569E_Playoff_Restoration.cpp", "C++", 0, 0, 194, 0, 0, 0, 0, 0, 0, 0, 0, 0, 8, 15, 217
"d:\Users\normalpcer\Documents\sync_code\CF1741F_Multi_Colored_Segments.cpp", "C++", 0, 0, 187, 0, 0, 0, 0, 0, 0, 0, 0, 0, 15, 19, 221
"d:\Users\normalpcer\Documents\sync_code\CF242E_XOR_on_Segment.cpp", "C++", 0, 0, 133, 0, 0, 0, 0, 0, 0, 0, 0, 0, 6, 12, 151
"d:\Users\normalpcer\Documents\sync_code\CF431E_Chemistry_Experiment.cpp", "C++", 0, 0, 103, 0, 0, 0, 0, 0, 0, 0, 0, 0, 4, 10, 117
"d:\Users\normalpcer\Documents\sync_code\CF438D_The_Child_and_Sequence.cpp", "C++", 0, 0, 103, 0, 0, 0, 0, 0, 0, 0, 0, 0, 4, 8, 115
"d:\Users\normalpcer\Documents\sync_code\CF474E_Pillars.cpp", "C++", 0, 0, 129, 0, 0, 0, 0, 0, 0, 0, 0, 0, 4, 17, 150
"d:\Users\normalpcer\Documents\sync_code\CF525E_Anya_and_Cubes.cpp", "C++", 0, 0, 76, 0, 0, 0, 0, 0, 0, 0, 0, 0, 6, 13, 95
"d:\Users\normalpcer\Documents\sync_code\CF597C_Subsequences.cpp", "C++", 0, 0, 71, 0, 0, 0, 0, 0, 0, 0, 0, 0, 4, 11, 86
"d:\Users\normalpcer\Documents\sync_code\CF59E_Shortest_Path.cpp", "C++", 0, 0, 70, 0, 0, 0, 0, 0, 0, 0, 0, 0, 4, 11, 85
"d:\Users\normalpcer\Documents\sync_code\CF833B_The_Bakery.cpp", "C++", 0, 0, 97, 0, 0, 0, 0, 0, 0, 0, 0, 0, 7, 10, 114
"d:\Users\normalpcer\Documents\sync_code\CF888E_Maximum_Subsequence.cpp", "C++", 0, 0, 44, 0, 0, 0, 0, 0, 0, 0, 0, 0, 3, 10, 57
"d:\Users\normalpcer\Documents\sync_code\CF920F_SUM_and_REPLACE.cpp", "C++", 0, 0, 85, 0, 0, 0, 0, 0, 0, 0, 0, 0, 3, 12, 100
"d:\Users\normalpcer\Documents\sync_code\CF960F_Pathwalks.cpp", "C++", 0, 0, 88, 0, 0, 0, 0, 0, 0, 0, 0, 0, 5, 12, 105
"d:\Users\normalpcer\Documents\sync_code\Data\1_for_zhihu.md", "Markdown", 278, 0, 0, 0, 0, 0, 0, 0, 0, 0, 0, 0, 0, 195, 473
"d:\Users\normalpcer\Documents\sync_code\Deepseek 大战猪国杀.cpp", "C++", 0, 0, 283, 0, 0, 0, 0, 0, 0, 0, 0, 0, 32, 36, 351
"d:\Users\normalpcer\Documents\sync_code\Deepseek 评价装 & 小分队群公告.md", "Markdown", 52, 0, 0, 0, 0, 0, 0, 0, 0, 0, 0, 0, 0, 28, 80
"d:\Users\normalpcer\Documents\sync_code\LOJ6277_数列分块入门_1.cpp", "C++", 0, 0, 63, 0, 0, 0, 0, 0, 0, 0, 0, 0, 3, 11, 77
"d:\Users\normalpcer\Documents\sync_code\LOJ6278_数列分块入门_2.cpp", "C++", 0, 0, 101, 0, 0, 0, 0, 0, 0, 0, 0, 0, 3, 12, 116
"d:\Users\normalpcer\Documents\sync_code\LOJ6279_数列分块入门_3.cpp", "C++", 0, 0, 115, 0, 0, 0, 0, 0, 0, 0, 0, 0, 3, 12, 130
"d:\Users\normalpcer\Documents\sync_code\LuoguMarkProblem.ts", "TypeScript", 0, 76, 0, 0, 0, 0, 0, 0, 0, 0, 0, 0, 13, 10, 99
"d:\Users\normalpcer\Documents\sync_code\N1022_treecut.cpp", "C++", 0, 0, 358, 0, 0, 0, 0, 0, 0, 0, 0, 0, 9, 34, 401
"d:\Users\normalpcer\Documents\sync_code\N1046_亲戚.cpp", "C++", 0, 0, 189, 0, 0, 0, 0, 0, 0, 0, 0, 0, 6, 17, 212
"d:\Users\normalpcer\Documents\sync_code\N1057_假期.cpp", "C++", 0, 0, 64, 0, 0, 0, 0, 0, 0, 0, 0, 0, 8, 15, 87
"d:\Users\normalpcer\Documents\sync_code\N1058_猴子.cpp", "C++", 0, 0, 74, 0, 0, 0, 0, 0, 0, 0, 0, 0, 6, 11, 91
"d:\Users\normalpcer\Documents\sync_code\N1098.cpp", "C++", 0, 0, 212, 0, 0, 0, 0, 0, 0, 0, 0, 0, 13, 16, 241
"d:\Users\normalpcer\Documents\sync_code\N1099_五子棋.cpp", "C++", 0, 0, 79, 0, 0, 0, 0, 0, 0, 0, 0, 0, 12, 15, 106
"d:\Users\normalpcer\Documents\sync_code\N1099_五子棋_old.cpp", "C++", 0, 0, 81, 0, 0, 0, 0, 0, 0, 0, 0, 0, 14, 17, 112
"d:\Users\normalpcer\Documents\sync_code\N1100_Fix.cpp", "C++", 0, 0, 207, 0, 0, 0, 0, 0, 0, 0, 0, 0, 39, 21, 267
"d:\Users\normalpcer\Documents\sync_code\N1100_Fix_check.py", "Python", 0, 0, 0, 0, 50, 0, 0, 0, 0, 0, 0, 0, 1, 10, 61
"d:\Users\normalpcer\Documents\sync_code\N1101_邦德I.cpp", "C++", 0, 0, 50, 0, 0, 0, 0, 0, 0, 0, 0, 0, 6, 9, 65
"d:\Users\normalpcer\Documents\sync_code\N1101_邦德I_空间优化.cpp", "C++", 0, 0, 57, 0, 0, 0, 0, 0, 0, 0, 0, 0, 14, 11, 82
"d:\Users\normalpcer\Documents\sync_code\N1102_玩诈欺的小杉.cpp", "C++", 0, 0, 34, 0, 0, 0, 0, 0, 0, 0, 0, 0, 13, 10, 57
"d:\Users\normalpcer\Documents\sync_code\N1103_Bugs_Integrated_Inc.cpp", "C++", 0, 0, 239, 0, 0, 0, 0, 0, 0, 0, 0, 0, 101, 32, 372
"d:\Users\normalpcer\Documents\sync_code\N1103_Bugs_Integrated_Inc_Legecy.cpp", "C++", 0, 0, 306, 0, 0, 0, 0, 0, 0, 0, 0, 0, 99, 35, 440
"d:\Users\normalpcer\Documents\sync_code\N1103_check.py", "Python", 0, 0, 0, 0, 52, 0, 0, 0, 0, 0, 0, 0, 1, 13, 66
"d:\Users\normalpcer\Documents\sync_code\N1106.check.py", "Python", 0, 0, 0, 0, 64, 0, 0, 0, 0, 0, 0, 0, 0, 10, 74
"d:\Users\normalpcer\Documents\sync_code\N1106_Islands_and_Bridges.Legecy.cpp", "C++", 0, 0, 114, 0, 0, 0, 0, 0, 0, 0, 0, 0, 17, 19, 150
"d:\Users\normalpcer\Documents\sync_code\N1106_Islands_and_Bridges.cpp", "C++", 0, 0, 251, 0, 0, 0, 0, 0, 0, 0, 0, 0, 29, 17, 297
"d:\Users\normalpcer\Documents\sync_code\N1475.cpp", "C++", 0, 0, 300, 0, 0, 0, 0, 0, 0, 0, 0, 0, 4, 39, 343
"d:\Users\normalpcer\Documents\sync_code\N1668_骑士.cpp", "C++", 0, 0, 113, 0, 0, 0, 0, 0, 0, 0, 0, 0, 20, 10, 143
"d:\Users\normalpcer\Documents\sync_code\N1759_求街道宽度.cpp", "C++", 0, 0, 51, 0, 0, 0, 0, 0, 0, 0, 0, 0, 3, 12, 66
"d:\Users\normalpcer\Documents\sync_code\N1846_范围统计.cpp", "C++", 0, 0, 149, 0, 0, 0, 0, 0, 0, 0, 0, 0, 13, 11, 173
"d:\Users\normalpcer\Documents\sync_code\N2009_团伙.cpp", "C++", 0, 0, 189, 0, 0, 0, 0, 0, 0, 0, 0, 0, 7, 13, 209
"d:\Users\normalpcer\Documents\sync_code\N2010_cubes.cpp", "C++", 0, 0, 194, 0, 0, 0, 0, 0, 0, 0, 0, 0, 9, 17, 220
"d:\Users\normalpcer\Documents\sync_code\N2141.cpp", "C++", 0, 0, 326, 0, 0, 0, 0, 0, 0, 0, 0, 0, 6, 31, 363
"d:\Users\normalpcer\Documents\sync_code\N2156_Difference.cpp", "C++", 0, 0, 76, 0, 0, 0, 0, 0, 0, 0, 0, 0, 3, 12, 91
"d:\Users\normalpcer\Documents\sync_code\N2171.Solution.cpp", "C++", 0, 0, 54, 0, 0, 0, 0, 0, 0, 0, 0, 0, 0, 2, 56
"d:\Users\normalpcer\Documents\sync_code\N2171.check.py", "Python", 0, 0, 0, 0, 49, 0, 0, 0, 0, 0, 0, 0, 0, 8, 57
"d:\Users\normalpcer\Documents\sync_code\N2171_Grape.Legecy.cpp", "C++", 0, 0, 119, 0, 0, 0, 0, 0, 0, 0, 0, 0, 25, 19, 163
"d:\Users\normalpcer\Documents\sync_code\N2171_Grape.cpp", "C++", 0, 0, 184, 0, 0, 0, 0, 0, 0, 0, 0, 0, 14, 14, 212
"d:\Users\normalpcer\Documents\sync_code\N2193_旅游景点.cpp", "C++", 0, 0, 201, 0, 0, 0, 0, 0, 0, 0, 0, 0, 6, 14, 221
"d:\Users\normalpcer\Documents\sync_code\N2764_二维LIS.cpp", "C++", 0, 0, 84, 0, 0, 0, 0, 0, 0, 0, 0, 0, 3, 14, 101
"d:\Users\normalpcer\Documents\sync_code\N2835_[HNOI2003]24点游戏_D1_T1.cpp", "C++", 0, 0, 151, 0, 0, 0, 0, 0, 0, 0, 0, 0, 4, 11, 166
"d:\Users\normalpcer\Documents\sync_code\N3055_Nearest_Common_Ancestors.cpp", "C++", 0, 0, 64, 0, 0, 0, 0, 0, 0, 0, 0, 0, 5, 8, 77
"d:\Users\normalpcer\Documents\sync_code\N3198_电子眼.cpp", "C++", 0, 0, 163, 0, 0, 0, 0, 0, 0, 0, 0, 0, 13, 13, 189
"d:\Users\normalpcer\Documents\sync_code\N3229.py", "Python", 0, 0, 0, 0, 44, 0, 0, 0, 0, 0, 0, 0, 1, 0, 45
"d:\Users\normalpcer\Documents\sync_code\N3229_打印Hello_Kitty.cpp", "C++", 0, 0, 2, 0, 0, 0, 0, 0, 0, 0, 0, 0, 0, 0, 2
"d:\Users\normalpcer\Documents\sync_code\N3266_魔法感应_IX.cpp", "C++", 0, 0, 76, 0, 0, 0, 0, 0, 0, 0, 0, 0, 3, 8, 87
"d:\Users\normalpcer\Documents\sync_code\N3275_矩形涂色_again.cpp", "C++", 0, 0, 34, 0, 0, 0, 0, 0, 0, 0, 0, 0, 5, 6, 45
"d:\Users\normalpcer\Documents\sync_code\N3342_区间查询.cpp", "C++", 0, 0, 294, 0, 0, 0, 0, 0, 0, 0, 0, 0, 110, 26, 430
"d:\Users\normalpcer\Documents\sync_code\N3343_矩形涂色_again.cpp", "C++", 0, 0, 102, 0, 0, 0, 0, 0, 0, 0, 0, 0, 6, 16, 124
"d:\Users\normalpcer\Documents\sync_code\N3344_矩形涂色_again_plus.cpp", "C++", 0, 0, 172, 0, 0, 0, 0, 0, 0, 0, 0, 0, 5, 21, 198
"d:\Users\normalpcer\Documents\sync_code\N3353__产量统计_IV_again_plus.cpp", "C++", 0, 0, 402, 0, 0, 0, 0, 0, 0, 0, 0, 0, 8, 31, 441
"d:\Users\normalpcer\Documents\sync_code\N3356_区间偶数次数异或和.cpp", "C++", 0, 0, 296, 0, 0, 0, 0, 0, 0, 0, 0, 0, 4, 14, 314
"d:\Users\normalpcer\Documents\sync_code\N3357_装箱子.cpp", "C++", 0, 0, 80, 0, 0, 0, 0, 0, 0, 0, 0, 0, 4, 7, 91
"d:\Users\normalpcer\Documents\sync_code\N3357_装箱子_三维偏序.cpp", "C++", 0, 0, 113, 0, 0, 0, 0, 0, 0, 0, 0, 0, 4, 13, 130
"d:\Users\normalpcer\Documents\sync_code\N3358_序列划分.cpp", "C++", 0, 0, 29, 0, 0, 0, 0, 0, 0, 0, 0, 0, 3, 8, 40
"d:\Users\normalpcer\Documents\sync_code\N3360_编辑字符串.cpp", "C++", 0, 0, 341, 0, 0, 0, 0, 0, 0, 0, 0, 0, 10, 22, 373
"d:\Users\normalpcer\Documents\sync_code\N3361_区间GCD.cpp", "C++", 0, 0, 362, 0, 0, 0, 0, 0, 0, 0, 0, 0, 23, 21, 406
"d:\Users\normalpcer\Documents\sync_code\N3365_区间最大与次大.cpp", "C++", 0, 0, 374, 0, 0, 0, 0, 0, 0, 0, 0, 0, 6, 19, 399
"d:\Users\normalpcer\Documents\sync_code\N3367_最先出现_2.cpp", "C++", 0, 0, 398, 0, 0, 0, 0, 0, 0, 0, 0, 0, 8, 22, 428
"d:\Users\normalpcer\Documents\sync_code\N3402_计算Rating.cpp", "C++", 0, 0, 399, 0, 0, 0, 0, 0, 0, 0, 0, 0, 15, 18, 432
"d:\Users\normalpcer\Documents\sync_code\P1000_超级玛丽游戏.cpp", "C++", 0, 0, 1, 0, 0, 0, 0, 0, 0, 0, 0, 0, 3, 0, 4
"d:\Users\normalpcer\Documents\sync_code\P1001_A+B_Problem.cpp", "C++", 0, 0, 59, 0, 0, 0, 0, 0, 0, 0, 0, 0, 6, 6, 71
"d:\Users\normalpcer\Documents\sync_code\P10059_Choose.cpp", "C++", 0, 0, 77, 0, 0, 0, 0, 0, 0, 0, 0, 0, 26, 16, 119
"d:\Users\normalpcer\Documents\sync_code\P10137_[USACO24JAN]_Walking_in_Manhattan_G.cpp", "C++", 0, 0, 197, 0, 0, 0, 0, 0, 0, 0, 0, 0, 33, 24, 254
"d:\Users\normalpcer\Documents\sync_code\P10138_[USACO24JAN]_Cowmpetency_G.cpp", "C++", 0, 0, 124, 0, 0, 0, 0, 0, 0, 0, 0, 0, 50, 18, 192
"d:\Users\normalpcer\Documents\sync_code\P10139_[USACO24JAN]_Nap_Sort_G.cpp", "C++", 0, 0, 77, 0, 0, 0, 0, 0, 0, 0, 0, 0, 44, 13, 134
"d:\Users\normalpcer\Documents\sync_code\P10193_[USACO24FEB]_Bessla_Motors_G.cpp", "C++", 0, 0, 87, 0, 0, 0, 0, 0, 0, 0, 0, 0, 18, 14, 119
"d:\Users\normalpcer\Documents\sync_code\P10194_[USACO24FEB]_Milk_Exchange_G.cpp", "C++", 0, 0, 99, 0, 0, 0, 0, 0, 0, 0, 0, 0, 59, 15, 173
"d:\Users\normalpcer\Documents\sync_code\P10195_[USACO24FEB]_Quantum_Moochanics_G.cpp", "C++", 0, 0, 96, 0, 0, 0, 0, 0, 0, 0, 0, 0, 22, 15, 133
"d:\Users\normalpcer\Documents\sync_code\P10232_[COCI_2023_2024_#4]_Roboti.cpp", "C++", 0, 0, 156, 0, 0, 0, 0, 0, 0, 0, 0, 0, 35, 23, 214
"d:\Users\normalpcer\Documents\sync_code\P10280_[USACO24OPEN]_Cowreography_G.cpp", "C++", 0, 0, 102, 0, 0, 0, 0, 0, 0, 0, 0, 0, 137, 13, 252
"d:\Users\normalpcer\Documents\sync_code\P10281_[USACO24OPEN]_Grass_Segments_G.cpp", "C++", 0, 0, 263, 0, 0, 0, 0, 0, 0, 0, 0, 0, 98, 33, 394
"d:\Users\normalpcer\Documents\sync_code\P10282_[USACO24OPEN]_Smaller_Averages_G.cpp", "C++", 0, 0, 74, 0, 0, 0, 0, 0, 0, 0, 0, 0, 43, 11, 128
"d:\Users\normalpcer\Documents\sync_code\P1038_[NOIP2003_提高组]_神经网络.cpp", "C++", 0, 0, 201, 0, 0, 0, 0, 0, 0, 0, 0, 0, 5, 15, 221
"d:\Users\normalpcer\Documents\sync_code\P1040_[NOIP2003_提高组]_加分二叉树.cpp", "C++", 0, 0, 52, 0, 0, 0, 0, 0, 0, 0, 0, 0, 4, 9, 65
"d:\Users\normalpcer\Documents\sync_code\P1073_[NOIP2009_提高组]_最优贸易.cpp", "C++", 0, 0, 81, 0, 0, 0, 0, 0, 0, 0, 0, 0, 3, 7, 91
"d:\Users\normalpcer\Documents\sync_code\P1083.cpp", "C++", 0, 0, 218, 0, 0, 0, 0, 0, 0, 0, 0, 0, 13, 22, 253
"d:\Users\normalpcer\Documents\sync_code\P11186_三目运算.cpp", "C++", 0, 0, 338, 0, 0, 0, 0, 0, 0, 0, 0, 0, 15, 33, 386
"d:\Users\normalpcer\Documents\sync_code\P11206.check.py", "Python", 0, 0, 0, 0, 17, 0, 0, 0, 0, 0, 0, 0, 1, 4, 22
"d:\Users\normalpcer\Documents\sync_code\P11206.solution.md", "Markdown", 104, 0, 0, 0, 0, 0, 0, 0, 0, 0, 0, 0, 0, 33, 137
"d:\Users\normalpcer\Documents\sync_code\P11206_[Cfz_Round_9]_Dove.cpp", "C++", 0, 0, 72, 0, 0, 0, 0, 0, 0, 0, 0, 0, 9, 12, 93
"d:\Users\normalpcer\Documents\sync_code\P11232_[CSP_S_2024] copy.cpp", "C++", 0, 0, 182, 0, 0, 0, 0, 0, 0, 0, 0, 0, 31, 35, 248
"d:\Users\normalpcer\Documents\sync_code\P11232_[CSP_S_2024].cpp", "C++", 0, 0, 182, 0, 0, 0, 0, 0, 0, 0, 0, 0, 31, 35, 248
"d:\Users\normalpcer\Documents\sync_code\P11232_[CSP_S_2024]_超速检测.cpp", "C++", 0, 0, 251, 0, 0, 0, 0, 0, 0, 0, 0, 0, 14, 26, 291
"d:\Users\normalpcer\Documents\sync_code\P11277_世界沉睡童话.cpp", "C++", 0, 0, 35, 0, 0, 0, 0, 0, 0, 0, 0, 0, 6, 10, 51
"d:\Users\normalpcer\Documents\sync_code\P11277_世界沉睡童话.solution.md", "Markdown", 68, 0, 0, 0, 0, 0, 0, 0, 0, 0, 0, 0, 0, 26, 94
"d:\Users\normalpcer\Documents\sync_code\P1133_教主的花园.cpp", "C++", 0, 0, 61, 0, 0, 0, 0, 0, 0, 0, 0, 0, 3, 10, 74
"d:\Users\normalpcer\Documents\sync_code\P11361_[NOIP2024]_编辑字符串.cpp", "C++", 0, 0, 67, 0, 0, 0, 0, 0, 0, 0, 0, 0, 11, 16, 94
"d:\Users\normalpcer\Documents\sync_code\P11362_[NOIP2024]_遗失的赋值.cpp", "C++", 0, 0, 44, 0, 0, 0, 0, 0, 0, 0, 0, 0, 4, 13, 61
"d:\Users\normalpcer\Documents\sync_code\P11476_[COCI_2024_2025_#3]_涂矩阵___Bojanje.cpp", "C++", 0, 0, 113, 0, 0, 0, 0, 0, 0, 0, 0, 0, 14, 11, 138
"d:\Users\normalpcer\Documents\sync_code\P11477_[COCI_2024_2025_#3]_林卡树___Stablo.cpp", "C++", 0, 0, 73, 0, 0, 0, 0, 0, 0, 0, 0, 0, 36, 12, 121
"d:\Users\normalpcer\Documents\sync_code\P11655_「FAOI_R5」Lovely_139.cpp", "C++", 0, 0, 50, 0, 0, 0, 0, 0, 0, 0, 0, 0, 11, 8, 69
"d:\Users\normalpcer\Documents\sync_code\P1168_中位数.cpp", "C++", 0, 0, 69, 0, 0, 0, 0, 0, 0, 0, 0, 0, 8, 11, 88
"d:\Users\normalpcer\Documents\sync_code\P1171_售货员的难题.cpp", "C++", 0, 0, 177, 0, 0, 0, 0, 0, 0, 0, 0, 0, 13, 16, 206
"d:\Users\normalpcer\Documents\sync_code\P11738 copy.cpp", "C++", 0, 0, 2078, 0, 0, 0, 0, 0, 0, 0, 0, 0, 188, 59, 2325
"d:\Users\normalpcer\Documents\sync_code\P11738.solution.md", "Markdown", 489, 0, 0, 0, 0, 0, 0, 0, 0, 0, 0, 0, 0, 114, 603
"d:\Users\normalpcer\Documents\sync_code\P11738_[集训队互测_2015]_未来程序改.cpp", "C++", 0, 0, 1707, 0, 0, 0, 0, 0, 0, 0, 0, 0, 174, 48, 1929
"d:\Users\normalpcer\Documents\sync_code\P11833_[省选联考_2025]_推箱子.cpp", "C++", 0, 0, 218, 0, 0, 0, 0, 0, 0, 0, 0, 0, 52, 24, 294
"d:\Users\normalpcer\Documents\sync_code\P1273_有线电视网.cpp", "C++", 0, 0, 60, 0, 0, 0, 0, 0, 0, 0, 0, 0, 3, 12, 75
"d:\Users\normalpcer\Documents\sync_code\P1314_聪明的质监员.cpp", "C++", 0, 0, 227, 0, 0, 0, 0, 0, 0, 0, 0, 0, 15, 19, 261
"d:\Users\normalpcer\Documents\sync_code\P1357_花园.cpp", "C++", 0, 0, 105, 0, 0, 0, 0, 0, 0, 0, 0, 0, 24, 16, 145
"d:\Users\normalpcer\Documents\sync_code\P1433_吃奶酪.cpp", "C++", 0, 0, 55, 0, 0, 0, 0, 0, 0, 0, 0, 0, 3, 13, 71
"d:\Users\normalpcer\Documents\sync_code\P1471_方差.cpp", "C++", 0, 0, 136, 0, 0, 0, 0, 0, 0, 0, 0, 0, 7, 8, 151
"d:\Users\normalpcer\Documents\sync_code\P1505_[国家集训队]_旅游.cpp", "C++", 0, 0, 193, 0, 0, 0, 0, 0, 0, 0, 0, 0, 6, 11, 210
"d:\Users\normalpcer\Documents\sync_code\P1608.check.py", "Python", 0, 0, 0, 0, 60, 0, 0, 0, 0, 0, 0, 0, 2, 19, 81
"d:\Users\normalpcer\Documents\sync_code\P1608_路径统计.cpp", "C++", 0, 0, 305, 0, 0, 0, 0, 0, 0, 0, 0, 0, 7, 35, 347
"d:\Users\normalpcer\Documents\sync_code\P1638_逛画展.cpp", "C++", 0, 0, 56, 0, 0, 0, 0, 0, 0, 0, 0, 0, 5, 10, 71
"d:\Users\normalpcer\Documents\sync_code\P1707_刷题比赛.cpp", "C++", 0, 0, 112, 0, 0, 0, 0, 0, 0, 0, 0, 0, 7, 16, 135
"d:\Users\normalpcer\Documents\sync_code\P1725_琪露诺.cpp", "C++", 0, 0, 35, 0, 0, 0, 0, 0, 0, 0, 0, 0, 5, 9, 49
"d:\Users\normalpcer\Documents\sync_code\P1776_宝物筛选.cpp", "C++", 0, 0, 60, 0, 0, 0, 0, 0, 0, 0, 0, 0, 3, 12, 75
"d:\Users\normalpcer\Documents\sync_code\P1848_[USACO12OPEN]_Bookshelf_G.cpp", "C++", 0, 0, 151, 0, 0, 0, 0, 0, 0, 0, 0, 0, 22, 11, 184
"d:\Users\normalpcer\Documents\sync_code\P1856_[IOI1998]_[USACO5.5]_矩形周长Picture.cpp", "C++", 0, 0, 99, 0, 0, 0, 0, 0, 0, 0, 0, 0, 4, 9, 112
"d:\Users\normalpcer\Documents\sync_code\P1886_滑动窗口__【模板】单调队列.cpp", "C++", 0, 0, 62, 0, 0, 0, 0, 0, 0, 0, 0, 0, 3, 10, 75
"d:\Users\normalpcer\Documents\sync_code\P1937_[USACO10MAR]_Barn_Allocation_G.cpp", "C++", 0, 0, 97, 0, 0, 0, 0, 0, 0, 0, 0, 0, 17, 11, 125
"d:\Users\normalpcer\Documents\sync_code\P1939_矩阵加速（数列）.cpp", "C++", 0, 0, 101, 0, 0, 0, 0, 0, 0, 0, 0, 0, 10, 14, 125
"d:\Users\normalpcer\Documents\sync_code\P1941_[NOIP2014_提高组]_飞扬的小鸟.cpp", "C++", 0, 0, 67, 0, 0, 0, 0, 0, 0, 0, 0, 0, 3, 11, 81
"d:\Users\normalpcer\Documents\sync_code\P1948_[USACO08JAN]_Telephone_Lines_S.cpp", "C++", 0, 0, 226, 0, 0, 0, 0, 0, 0, 0, 0, 0, 18, 17, 261
"d:\Users\normalpcer\Documents\sync_code\P1962_斐波那契数列.cpp", "C++", 0, 0, 98, 0, 0, 0, 0, 0, 0, 0, 0, 0, 3, 16, 117
"d:\Users\normalpcer\Documents\sync_code\P1966_[NOIP2013_提高组]_火柴排队.cpp", "C++", 0, 0, 79, 0, 0, 0, 0, 0, 0, 0, 0, 0, 3, 15, 97
"d:\Users\normalpcer\Documents\sync_code\P1967_[NOIP2013_提高组]_货车运输.cpp", "C++", 0, 0, 118, 0, 0, 0, 0, 0, 0, 0, 0, 0, 8, 28, 154
"d:\Users\normalpcer\Documents\sync_code\P1972_[SDOI2009]_HH的项链.cpp", "C++", 0, 0, 90, 0, 0, 0, 0, 0, 0, 0, 0, 0, 3, 8, 101
"d:\Users\normalpcer\Documents\sync_code\P2015_二叉苹果树.cpp", "C++", 0, 0, 40, 0, 0, 0, 0, 0, 0, 0, 0, 0, 3, 7, 50
"d:\Users\normalpcer\Documents\sync_code\P2015_二叉苹果树_2.cpp", "C++", 0, 0, 40, 0, 0, 0, 0, 0, 0, 0, 0, 0, 3, 9, 52
"d:\Users\normalpcer\Documents\sync_code\P2044_[NOI2012]_随机数生成器.cpp", "C++", 0, 0, 96, 0, 0, 0, 0, 0, 0, 0, 0, 0, 3, 17, 116
"d:\Users\normalpcer\Documents\sync_code\P2114_[NOI2014]_起床困难综合症.cpp", "C++", 0, 0, 30, 0, 0, 0, 0, 0, 0, 0, 0, 0, 3, 7, 40
"d:\Users\normalpcer\Documents\sync_code\P2146_[NOI2015]_软件包管理器.cpp", "C++", 0, 0, 136, 0, 0, 0, 0, 0, 0, 0, 0, 0, 3, 8, 147
"d:\Users\normalpcer\Documents\sync_code\P2151_[SDOI2009]_HH去散步.cpp", "C++", 0, 0, 116, 0, 0, 0, 0, 0, 0, 0, 0, 0, 23, 15, 154
"d:\Users\normalpcer\Documents\sync_code\P2170_选学霸.cpp", "C++", 0, 0, 60, 0, 0, 0, 0, 0, 0, 0, 0, 0, 3, 12, 75
"d:\Users\normalpcer\Documents\sync_code\P2233_[HNOI2002]_公交车路线.cpp", "C++", 0, 0, 77, 0, 0, 0, 0, 0, 0, 0, 0, 0, 8, 11, 96
"d:\Users\normalpcer\Documents\sync_code\P2395_BBCode转换Markdown.cpp", "C++", 0, 0, 142, 0, 0, 0, 0, 0, 0, 0, 0, 0, 3, 14, 159
"d:\Users\normalpcer\Documents\sync_code\P2401_不等数列.cpp", "C++", 0, 0, 27, 0, 0, 0, 0, 0, 0, 0, 0, 0, 3, 8, 38
"d:\Users\normalpcer\Documents\sync_code\P2458_[SDOI2006]_保安站岗.cpp", "C++", 0, 0, 170, 0, 0, 0, 0, 0, 0, 0, 0, 0, 13, 12, 195
"d:\Users\normalpcer\Documents\sync_code\P2482.c", "C", 0, 0, 0, 0, 0, 0, 0, 0, 0, 0, 485, 0, 53, 53, 591
"d:\Users\normalpcer\Documents\sync_code\P2482.py", "Python", 0, 0, 0, 0, 424, 0, 0, 0, 0, 0, 0, 0, 16, 102, 542
"d:\Users\normalpcer\Documents\sync_code\P2482_[SDOI2010]_猪国杀.cpp", "C++", 0, 0, 503, 0, 0, 0, 0, 0, 0, 0, 0, 0, 112, 66, 681
"d:\Users\normalpcer\Documents\sync_code\P2482_copy.cpp", "C++", 0, 0, 519, 0, 0, 0, 0, 0, 0, 0, 0, 0, 112, 66, 697
"d:\Users\normalpcer\Documents\sync_code\P2482_cybher.cpp", "C++", 0, 0, 567, 0, 0, 0, 0, 0, 0, 0, 0, 0, 95, 60, 722
"d:\Users\normalpcer\Documents\sync_code\P2485_[SDOI2011]_计算器.cpp", "C++", 0, 0, 65, 0, 0, 0, 0, 0, 0, 0, 0, 0, 9, 9, 83
"d:\Users\normalpcer\Documents\sync_code\P2486_[SDOI2011]_染色.cpp", "C++", 0, 0, 200, 0, 0, 0, 0, 0, 0, 0, 0, 0, 8, 10, 218
"d:\Users\normalpcer\Documents\sync_code\P2487_[SDOI2011]_拦截导弹.cpp", "C++", 0, 0, 150, 0, 0, 0, 0, 0, 0, 0, 0, 0, 4, 38, 192
"d:\Users\normalpcer\Documents\sync_code\P2515_[HAOI2010]_软件安装.cpp", "C++", 0, 0, 329, 0, 0, 0, 0, 0, 0, 0, 0, 0, 6, 30, 365
"d:\Users\normalpcer\Documents\sync_code\P2564_[SCOI2009]_生日礼物.cpp", "C++", 0, 0, 43, 0, 0, 0, 0, 0, 0, 0, 0, 0, 6, 14, 63
"d:\Users\normalpcer\Documents\sync_code\P2579_[ZJOI2005]_沼泽鳄鱼.cpp", "C++", 0, 0, 128, 0, 0, 0, 0, 0, 0, 0, 0, 0, 11, 20, 159
"d:\Users\normalpcer\Documents\sync_code\P2586_[ZJOI2008]_杀蚂蚁.cpp", "C++", 0, 0, 346, 0, 0, 0, 0, 0, 0, 0, 0, 0, 81, 45, 472
"d:\Users\normalpcer\Documents\sync_code\P2590_[ZJOI2008]_树的统计.cpp", "C++", 0, 0, 147, 0, 0, 0, 0, 0, 0, 0, 0, 0, 7, 7, 161
"d:\Users\normalpcer\Documents\sync_code\P2605_[ZJOI2010]_基站选址.cpp", "C++", 0, 0, 164, 0, 0, 0, 0, 0, 0, 0, 0, 0, 19, 12, 195
"d:\Users\normalpcer\Documents\sync_code\P2627_[USACO11OPEN]_Mowing_the_Lawn_G.cpp", "C++", 0, 0, 26, 0, 0, 0, 0, 0, 0, 0, 0, 0, 3, 9, 38
"d:\Users\normalpcer\Documents\sync_code\P2679_[NOIP2015_提高组]_子串.cpp", "C++", 0, 0, 45, 0, 0, 0, 0, 0, 0, 0, 0, 0, 3, 10, 58
"d:\Users\normalpcer\Documents\sync_code\P2698_[USACO12MAR]_Flowerpot_S.cpp", "C++", 0, 0, 45, 0, 0, 0, 0, 0, 0, 0, 0, 0, 4, 18, 67
"d:\Users\normalpcer\Documents\sync_code\P2704_[NOI2001]_炮兵阵地.cpp", "C++", 0, 0, 123, 0, 0, 0, 0, 0, 0, 0, 0, 0, 11, 18, 152
"d:\Users\normalpcer\Documents\sync_code\P2717_寒假作业.cpp", "C++", 0, 0, 51, 0, 0, 0, 0, 0, 0, 0, 0, 0, 3, 16, 70
"d:\Users\normalpcer\Documents\sync_code\P2736_[USACO3.4]_破锣摇滚乐队_Raucous_Rockers.cpp", "C++", 0, 0, 33, 0, 0, 0, 0, 0, 0, 0, 0, 0, 4, 11, 48
"d:\Users\normalpcer\Documents\sync_code\P2741_[USACO4.4]_重叠的图像Frame_Up.cpp", "C++", 0, 0, 230, 0, 0, 0, 0, 0, 0, 0, 0, 0, 6, 20, 256
"d:\Users\normalpcer\Documents\sync_code\P2831_[NOIP2016_提高组]_愤怒的小鸟.cpp", "C++", 0, 0, 98, 0, 0, 0, 0, 0, 0, 0, 0, 0, 13, 14, 125
"d:\Users\normalpcer\Documents\sync_code\P2866_[USACO06NOV]_Bad_Hair_Day_S.cpp", "C++", 0, 0, 53, 0, 0, 0, 0, 0, 0, 0, 0, 0, 3, 12, 68
"d:\Users\normalpcer\Documents\sync_code\P2886_[USACO07NOV]_Cow_Relays_G.cpp", "C++", 0, 0, 99, 0, 0, 0, 0, 0, 0, 0, 0, 0, 17, 16, 132
"d:\Users\normalpcer\Documents\sync_code\P2894_[USACO08FEB]_Hotel_G.cpp", "C++", 0, 0, 194, 0, 0, 0, 0, 0, 0, 0, 0, 0, 37, 13, 244
"d:\Users\normalpcer\Documents\sync_code\P2897_[USACO08JAN]_Artificial_Lake_G.cpp", "C++", 0, 0, 78, 0, 0, 0, 0, 0, 0, 0, 0, 0, 5, 11, 94
"d:\Users\normalpcer\Documents\sync_code\P2954_[USACO09OPEN]_Grazing2_S.cpp", "C++", 0, 0, 48, 0, 0, 0, 0, 0, 0, 0, 0, 0, 5, 8, 61
"d:\Users\normalpcer\Documents\sync_code\P2954_translate.md", "Markdown", 22, 0, 0, 0, 0, 0, 0, 0, 0, 0, 0, 0, 0, 14, 36
"d:\Users\normalpcer\Documents\sync_code\P2986_[USACO10MAR]_Great_Cow_Gathering_G.cpp", "C++", 0, 0, 201, 0, 0, 0, 0, 0, 0, 0, 0, 0, 7, 13, 221
"d:\Users\normalpcer\Documents\sync_code\P3038_[USACO11DEC]_Grass_Planting_G.cpp", "C++", 0, 0, 132, 0, 0, 0, 0, 0, 0, 0, 0, 0, 3, 8, 143
"d:\Users\normalpcer\Documents\sync_code\P3047_[USACO12FEB]_Nearby_Cows_G.cpp", "C++", 0, 0, 197, 0, 0, 0, 0, 0, 0, 0, 0, 0, 7, 13, 217
"d:\Users\normalpcer\Documents\sync_code\P3052_[USACO12MAR]_Cows_in_a_Skyscraper_G.cpp", "C++", 0, 0, 43, 0, 0, 0, 0, 0, 0, 0, 0, 0, 3, 13, 59
"d:\Users\normalpcer\Documents\sync_code\P3067_[USACO12OPEN]_Balanced_Cow_Subsets_G.cpp", "C++", 0, 0, 68, 0, 0, 0, 0, 0, 0, 0, 0, 0, 4, 14, 86
"d:\Users\normalpcer\Documents\sync_code\P3120_[USACO15FEB]_Cow_Hopscotch_G.cpp", "C++", 0, 0, 96, 0, 0, 0, 0, 0, 0, 0, 0, 0, 14, 12, 122
"d:\Users\normalpcer\Documents\sync_code\P3128_[USACO15DEC]_Max_Flow_P.cpp", "C++", 0, 0, 80, 0, 0, 0, 0, 0, 0, 0, 0, 0, 3, 20, 103
"d:\Users\normalpcer\Documents\sync_code\P3147_[USACO16OPEN]_262144_P.cpp", "C++", 0, 0, 40, 0, 0, 0, 0, 0, 0, 0, 0, 0, 3, 8, 51
"d:\Users\normalpcer\Documents\sync_code\P3157_[CQOI2011]_动态逆序对.cpp", "C++", 0, 0, 127, 0, 0, 0, 0, 0, 0, 0, 0, 0, 3, 26, 156
"d:\Users\normalpcer\Documents\sync_code\P3166_[CQOI2014]_数三角形.cpp", "C++", 0, 0, 38, 0, 0, 0, 0, 0, 0, 0, 0, 0, 12, 8, 58
"d:\Users\normalpcer\Documents\sync_code\P3177_[HAOI2015]_树上染色.cpp", "C++", 0, 0, 52, 0, 0, 0, 0, 0, 0, 0, 0, 0, 5, 10, 67
"d:\Users\normalpcer\Documents\sync_code\P3178_[HAOI2015]_树上操作.cpp", "C++", 0, 0, 145, 0, 0, 0, 0, 0, 0, 0, 0, 0, 3, 9, 157
"d:\Users\normalpcer\Documents\sync_code\P3216_[HNOI2011]_数学作业.cpp", "C++", 0, 0, 97, 0, 0, 0, 0, 0, 0, 0, 0, 0, 18, 15, 130
"d:\Users\normalpcer\Documents\sync_code\P3258_[JLOI2014]_松鼠的新家.cpp", "C++", 0, 0, 85, 0, 0, 0, 0, 0, 0, 0, 0, 0, 3, 23, 111
"d:\Users\normalpcer\Documents\sync_code\P3306_[SDOI2013]_随机数生成器.cpp", "C++", 0, 0, 150, 0, 0, 0, 0, 0, 0, 0, 0, 0, 16, 15, 181
"d:\Users\normalpcer\Documents\sync_code\P3313_[SDOI2014]_旅行.cpp", "C++", 0, 0, 179, 0, 0, 0, 0, 0, 0, 0, 0, 0, 5, 11, 195
"d:\Users\normalpcer\Documents\sync_code\P3369_【模板】普通平衡树__.cpp", "C++", 0, 0, 82, 0, 0, 0, 0, 0, 0, 0, 0, 0, 5, 20, 107
"d:\Users\normalpcer\Documents\sync_code\P3374_【模板】树状数组_1.cpp", "C++", 0, 0, 68, 0, 0, 0, 0, 0, 0, 0, 0, 0, 4, 16, 88
"d:\Users\normalpcer\Documents\sync_code\P3384_【模板】重链剖分_树链剖分.cpp", "C++", 0, 0, 177, 0, 0, 0, 0, 0, 0, 0, 0, 0, 5, 8, 190
"d:\Users\normalpcer\Documents\sync_code\P3390_【模板】矩阵快速幂.cpp", "C++", 0, 0, 76, 0, 0, 0, 0, 0, 0, 0, 0, 0, 5, 11, 92
"d:\Users\normalpcer\Documents\sync_code\P3401_洛谷树.cpp", "C++", 0, 0, 217, 0, 0, 0, 0, 0, 0, 0, 0, 0, 11, 12, 240
"d:\Users\normalpcer\Documents\sync_code\P3401_洛谷树.cpy.cpp", "C++", 0, 0, 220, 0, 0, 0, 0, 0, 0, 0, 0, 0, 4, 14, 238
"d:\Users\normalpcer\Documents\sync_code\P3401_洛谷树.cpy2.cpp", "C++", 0, 0, 261, 0, 0, 0, 0, 0, 0, 0, 0, 0, 15, 13, 289
"d:\Users\normalpcer\Documents\sync_code\P3431_[POI2005]_AUT_The_Bus.cpp", "C++", 0, 0, 83, 0, 0, 0, 0, 0, 0, 0, 0, 0, 3, 10, 96
"d:\Users\normalpcer\Documents\sync_code\P3459_[POI2007]_MEG_Megalopolis.cpp", "C++", 0, 0, 87, 0, 0, 0, 0, 0, 0, 0, 0, 0, 3, 20, 110
"d:\Users\normalpcer\Documents\sync_code\P3478_[POI2008]_STA_Station.cpp", "C++", 0, 0, 195, 0, 0, 0, 0, 0, 0, 0, 0, 0, 7, 17, 219
"d:\Users\normalpcer\Documents\sync_code\P3512_[POI2010]_PIL_Pilots.cpp", "C++", 0, 0, 35, 0, 0, 0, 0, 0, 0, 0, 0, 0, 8, 14, 57
"d:\Users\normalpcer\Documents\sync_code\P3522_[POI2011]_TEM_Temperature.cpp", "C++", 0, 0, 38, 0, 0, 0, 0, 0, 0, 0, 0, 0, 4, 14, 56
"d:\Users\normalpcer\Documents\sync_code\P3572_[POI2014]_PTA_Little_Bird.cpp", "C++", 0, 0, 44, 0, 0, 0, 0, 0, 0, 0, 0, 0, 3, 13, 60
"d:\Users\normalpcer\Documents\sync_code\P3658_[USACO17FEB]_Why_Did_the_Cow_Cross_the_Road_III_P.cpp", "C++", 0, 0, 91, 0, 0, 0, 0, 0, 0, 0, 0, 0, 3, 24, 118
"d:\Users\normalpcer\Documents\sync_code\P3695_CYaRon.cpp", "C++", 0, 0, 1550, 0, 0, 0, 0, 0, 0, 0, 0, 0, 106, 25, 1681
"d:\Users\normalpcer\Documents\sync_code\P3758_[TJOI2017]_可乐.cpp", "C++", 0, 0, 100, 0, 0, 0, 0, 0, 0, 0, 0, 0, 3, 15, 118
"d:\Users\normalpcer\Documents\sync_code\P3797_妖梦斩木棒.cpp", "C++", 0, 0, 80, 0, 0, 0, 0, 0, 0, 0, 0, 0, 3, 11, 94
"d:\Users\normalpcer\Documents\sync_code\P3800_Power收集.cpp", "C++", 0, 0, 37, 0, 0, 0, 0, 0, 0, 0, 0, 0, 3, 10, 50
"d:\Users\normalpcer\Documents\sync_code\P3810_【模板】三维偏序（陌上花开）.cpp", "C++", 0, 0, 92, 0, 0, 0, 0, 0, 0, 0, 0, 0, 4, 25, 121
"d:\Users\normalpcer\Documents\sync_code\P3812_【模板】线性基.cpp", "C++", 0, 0, 22, 0, 0, 0, 0, 0, 0, 0, 0, 0, 3, 9, 34
"d:\Users\normalpcer\Documents\sync_code\P3821_Isaac.cpp", "C++", 0, 0, 145, 0, 0, 0, 0, 0, 0, 0, 0, 0, 13, 21, 179
"d:\Users\normalpcer\Documents\sync_code\P3833_[SHOI2012]_魔法树.cpp", "C++", 0, 0, 132, 0, 0, 0, 0, 0, 0, 0, 0, 0, 3, 7, 142
"d:\Users\normalpcer\Documents\sync_code\P3834_【模板】可持久化线段树_2.cpp", "C++", 0, 0, 73, 0, 0, 0, 0, 0, 0, 0, 0, 0, 7, 11, 91
"d:\Users\normalpcer\Documents\sync_code\P3846_[TJOI2007]_可爱的质数_【模板】BSGS.cpp", "C++", 0, 0, 49, 0, 0, 0, 0, 0, 0, 0, 0, 0, 10, 9, 68
"d:\Users\normalpcer\Documents\sync_code\P3899_[湖南集训]_更为厉害.cpp", "C++", 0, 0, 140, 0, 0, 0, 0, 0, 0, 0, 0, 0, 10, 31, 181
"d:\Users\normalpcer\Documents\sync_code\P3950_部落冲突.cpp", "C++", 0, 0, 119, 0, 0, 0, 0, 0, 0, 0, 0, 0, 3, 11, 133
"d:\Users\normalpcer\Documents\sync_code\P3957_[NOIP2017_普及组]_跳房子.cpp", "C++", 0, 0, 94, 0, 0, 0, 0, 0, 0, 0, 0, 0, 8, 16, 118
"d:\Users\normalpcer\Documents\sync_code\P3959_[NOIP2017_提高组]_宝藏.cpp", "C++", 0, 0, 195, 0, 0, 0, 0, 0, 0, 0, 0, 0, 101, 13, 309
"d:\Users\normalpcer\Documents\sync_code\P3976_[TJOI2015]_旅游.cpp", "C++", 0, 0, 196, 0, 0, 0, 0, 0, 0, 0, 0, 0, 10, 11, 217
"d:\Users\normalpcer\Documents\sync_code\P3977_[TJOI2015]_棋盘.cpp", "C++", 0, 0, 132, 0, 0, 0, 0, 0, 0, 0, 0, 0, 28, 23, 183
"d:\Users\normalpcer\Documents\sync_code\P3979_遥远的国度.cpp", "C++", 0, 0, 164, 0, 0, 0, 0, 0, 0, 0, 0, 0, 7, 11, 182
"d:\Users\normalpcer\Documents\sync_code\P4028_New_Product.cpp", "C++", 0, 0, 61, 0, 0, 0, 0, 0, 0, 0, 0, 0, 3, 10, 74
"d:\Users\normalpcer\Documents\sync_code\P4092_[HEOI2016_TJOI2016]_树.cpp", "C++", 0, 0, 108, 0, 0, 0, 0, 0, 0, 0, 0, 0, 3, 7, 118
"d:\Users\normalpcer\Documents\sync_code\P4093_[HEOI2016_TJOI2016]_序列.cpp", "C++", 0, 0, 94, 0, 0, 0, 0, 0, 0, 0, 0, 0, 4, 28, 126
"d:\Users\normalpcer\Documents\sync_code\P4114_Qtree1.cpp", "C++", 0, 0, 139, 0, 0, 0, 0, 0, 0, 0, 0, 0, 3, 8, 150
"d:\Users\normalpcer\Documents\sync_code\P4116_Qtree3.cpp", "C++", 0, 0, 85, 0, 0, 0, 0, 0, 0, 0, 0, 0, 3, 9, 97
"d:\Users\normalpcer\Documents\sync_code\P4145_上帝造题的七分钟_2___花神游历各国.cpp", "C++", 0, 0, 80, 0, 0, 0, 0, 0, 0, 0, 0, 0, 3, 8, 91
"d:\Users\normalpcer\Documents\sync_code\P4159_[SCOI2009]_迷路.cpp", "C++", 0, 0, 114, 0, 0, 0, 0, 0, 0, 0, 0, 0, 9, 11, 134
"d:\Users\normalpcer\Documents\sync_code\P4169_[Violet]_天使玩偶_SJY摆棋子.cpp", "C++", 0, 0, 112, 0, 0, 0, 0, 0, 0, 0, 0, 0, 4, 24, 140
"d:\Users\normalpcer\Documents\sync_code\P4170.check.py", "Python", 0, 0, 0, 0, 33, 0, 0, 0, 0, 0, 0, 0, 0, 7, 40
"d:\Users\normalpcer\Documents\sync_code\P4170_[CQOI2007]_涂色.cpp", "C++", 0, 0, 329, 0, 0, 0, 0, 0, 0, 0, 0, 0, 10, 31, 370
"d:\Users\normalpcer\Documents\sync_code\P4180_[BJWC2010]_严格次小生成树.cpp", "C++", 0, 0, 130, 0, 0, 0, 0, 0, 0, 0, 0, 0, 5, 36, 171
"d:\Users\normalpcer\Documents\sync_code\P4290_[HAOI2008]_玩具取名.cpp", "C++", 0, 0, 69, 0, 0, 0, 0, 0, 0, 0, 0, 0, 3, 10, 82
"d:\Users\normalpcer\Documents\sync_code\P4310_绝世好题.cpp", "C++", 0, 0, 33, 0, 0, 0, 0, 0, 0, 0, 0, 0, 3, 8, 44
"d:\Users\normalpcer\Documents\sync_code\P4315_月下毛景树.cpp", "C++", 0, 0, 201, 0, 0, 0, 0, 0, 0, 0, 0, 0, 3, 18, 222
"d:\Users\normalpcer\Documents\sync_code\P4362_[NOI2002]_贪吃的九头龙.cpp", "C++", 0, 0, 68, 0, 0, 0, 0, 0, 0, 0, 0, 0, 4, 12, 84
"d:\Users\normalpcer\Documents\sync_code\P4374_[USACO18OPEN]_Disruption_P.cpp", "C++", 0, 0, 143, 0, 0, 0, 0, 0, 0, 0, 0, 0, 12, 13, 168
"d:\Users\normalpcer\Documents\sync_code\P4390_[BalkanOI2007]_Mokia_摩基亚.cpp", "C++", 0, 0, 107, 0, 0, 0, 0, 0, 0, 0, 0, 0, 4, 24, 135
"d:\Users\normalpcer\Documents\sync_code\P4427_[BJOI2018]_求和.cpp", "C++", 0, 0, 99, 0, 0, 0, 0, 0, 0, 0, 0, 0, 3, 7, 109
"d:\Users\normalpcer\Documents\sync_code\P4454_[CQOI2018]_破解D_H协议.cpp", "C++", 0, 0, 56, 0, 0, 0, 0, 0, 0, 0, 0, 0, 11, 14, 81
"d:\Users\normalpcer\Documents\sync_code\P4667_[BalticOI_2011_Day1]_Switch_the_Lamp_On_电路维修.cpp", "C++", 0, 0, 185, 0, 0, 0, 0, 0, 0, 0, 0, 0, 14, 15, 214
"d:\Users\normalpcer\Documents\sync_code\P4677_山区建小学.cpp", "C++", 0, 0, 37, 0, 0, 0, 0, 0, 0, 0, 0, 0, 3, 10, 50
"d:\Users\normalpcer\Documents\sync_code\P4799_[CEOI2015_Day2]_世界冰球锦标赛.cpp", "C++", 0, 0, 64, 0, 0, 0, 0, 0, 0, 0, 0, 0, 5, 12, 81
"d:\Users\normalpcer\Documents\sync_code\P4838_P哥破解密码.cpp", "C++", 0, 0, 93, 0, 0, 0, 0, 0, 0, 0, 0, 0, 13, 15, 121
"d:\Users\normalpcer\Documents\sync_code\P4861_按钮.cpp", "C++", 0, 0, 55, 0, 0, 0, 0, 0, 0, 0, 0, 0, 31, 13, 99
"d:\Users\normalpcer\Documents\sync_code\P4884_多少个_1.cpp", "C++", 0, 0, 50, 0, 0, 0, 0, 0, 0, 0, 0, 0, 8, 12, 70
"d:\Users\normalpcer\Documents\sync_code\P4910_帕秋莉的手环.cpp", "C++", 0, 0, 98, 0, 0, 0, 0, 0, 0, 0, 0, 0, 25, 16, 139
"d:\Users\normalpcer\Documents\sync_code\P4911 copy.cpp", "C++", 0, 0, 622, 0, 0, 0, 0, 0, 0, 0, 0, 0, 61, 83, 766
"d:\Users\normalpcer\Documents\sync_code\P4911.solution.md", "Markdown", 250, 0, 0, 0, 0, 0, 0, 0, 0, 0, 0, 0, 0, 60, 310
"d:\Users\normalpcer\Documents\sync_code\P4911_河童重工的计算机.cpp", "C++", 0, 0, 578, 0, 0, 0, 0, 0, 0, 0, 0, 0, 54, 82, 714
"d:\Users\normalpcer\Documents\sync_code\P4944_PION贪吃蛇.cpp", "C++", 0, 0, 203, 0, 0, 0, 0, 0, 0, 0, 0, 0, 11, 17, 231
"d:\Users\normalpcer\Documents\sync_code\P5004_专心OI___跳房子.cpp", "C++", 0, 0, 83, 0, 0, 0, 0, 0, 0, 0, 0, 0, 20, 10, 113
"d:\Users\normalpcer\Documents\sync_code\P5020_[NOIP2018_提高组]_货币系统.cpp", "C++", 0, 0, 32, 0, 0, 0, 0, 0, 0, 0, 0, 0, 3, 9, 44
"d:\Users\normalpcer\Documents\sync_code\P5127.solution.md", "Markdown", 230, 0, 0, 0, 0, 0, 0, 0, 0, 0, 0, 0, 0, 23, 253
"d:\Users\normalpcer\Documents\sync_code\P5127_子异和.cpp", "C++", 0, 0, 179, 0, 0, 0, 0, 0, 0, 0, 0, 0, 24, 12, 215
"d:\Users\normalpcer\Documents\sync_code\P5227_[AHOI2013]_连通图.cpp", "C++", 0, 0, 113, 0, 0, 0, 0, 0, 0, 0, 0, 0, 10, 22, 145
"d:\Users\normalpcer\Documents\sync_code\P5300_[GXOI_GZOI2019]_与或和.cpp", "C++", 0, 0, 113, 0, 0, 0, 0, 0, 0, 0, 0, 0, 14, 19, 146
"d:\Users\normalpcer\Documents\sync_code\P5343_【XR_1】分块.cpp", "C++", 0, 0, 104, 0, 0, 0, 0, 0, 0, 0, 0, 0, 12, 18, 134
"d:\Users\normalpcer\Documents\sync_code\P5380.check.py", "Python", 0, 0, 0, 0, 57, 0, 0, 0, 0, 0, 0, 0, 5, 13, 75
"d:\Users\normalpcer\Documents\sync_code\P5380.solution.md", "Markdown", 397, 0, 0, 0, 0, 0, 0, 0, 0, 0, 0, 0, 0, 72, 469
"d:\Users\normalpcer\Documents\sync_code\P5380_[THUPC2019]_鸭棋.copy.cpp", "C++", 0, 0, 141, 0, 0, 0, 0, 0, 0, 0, 0, 0, 11, 20, 172
"d:\Users\normalpcer\Documents\sync_code\P5380_[THUPC2019]_鸭棋.cpp", "C++", 0, 0, 316, 0, 0, 0, 0, 0, 0, 0, 0, 0, 50, 24, 390
"d:\Users\normalpcer\Documents\sync_code\P5459_[BJOI2016]_回转寿司.cpp", "C++", 0, 0, 52, 0, 0, 0, 0, 0, 0, 0, 0, 0, 3, 18, 73
"d:\Users\normalpcer\Documents\sync_code\P5490_【模板】扫描线___矩形面积并.cpp", "C++", 0, 0, 104, 0, 0, 0, 0, 0, 0, 0, 0, 0, 4, 16, 124
"d:\Users\normalpcer\Documents\sync_code\P5522_[yLOI2019]_棠梨煎雪.cpp", "C++", 0, 0, 104, 0, 0, 0, 0, 0, 0, 0, 0, 0, 3, 10, 117
"d:\Users\normalpcer\Documents\sync_code\P5658_[CSP_S2019]_括号树.cpp", "C++", 0, 0, 53, 0, 0, 0, 0, 0, 0, 0, 0, 0, 3, 10, 66
"d:\Users\normalpcer\Documents\sync_code\P5662_[CSP_J2019]_纪念品.cpp", "C++", 0, 0, 47, 0, 0, 0, 0, 0, 0, 0, 0, 0, 9, 8, 64
"d:\Users\normalpcer\Documents\sync_code\P5678_[GZOI2017]_河神.cpp", "C++", 0, 0, 82, 0, 0, 0, 0, 0, 0, 0, 0, 0, 18, 14, 114
"d:\Users\normalpcer\Documents\sync_code\P5691_[NOI2001]_方程的解数.cpp", "C++", 0, 0, 64, 0, 0, 0, 0, 0, 0, 0, 0, 0, 3, 14, 81
"d:\Users\normalpcer\Documents\sync_code\P5787_二分图__【模板】线段树分治.cpp", "C++", 0, 0, 90, 0, 0, 0, 0, 0, 0, 0, 0, 0, 6, 18, 114
"d:\Users\normalpcer\Documents\sync_code\P5838_[USACO19DEC]_Milk_Visits_G.cpp", "C++", 0, 0, 82, 0, 0, 0, 0, 0, 0, 0, 0, 0, 3, 10, 95
"d:\Users\normalpcer\Documents\sync_code\P6005_[USACO20JAN]_Time_is_Mooney_G.cpp", "C++", 0, 0, 36, 0, 0, 0, 0, 0, 0, 0, 0, 0, 8, 9, 53
"d:\Users\normalpcer\Documents\sync_code\P6006_[USACO20JAN]_Farmer_John_Solves_3SUM_G.cpp", "C++", 0, 0, 45, 0, 0, 0, 0, 0, 0, 0, 0, 0, 15, 10, 70
"d:\Users\normalpcer\Documents\sync_code\P6007_[USACO20JAN]_Springboards_G.cpp", "C++", 0, 0, 114, 0, 0, 0, 0, 0, 0, 0, 0, 0, 6, 24, 144
"d:\Users\normalpcer\Documents\sync_code\P6098_[USACO19FEB]_Cow_Land_G.cpp", "C++", 0, 0, 112, 0, 0, 0, 0, 0, 0, 0, 0, 0, 3, 9, 124
"d:\Users\normalpcer\Documents\sync_code\P6145_[USACO20FEB]_Timeline_G.cpp", "C++", 0, 0, 46, 0, 0, 0, 0, 0, 0, 0, 0, 0, 8, 12, 66
"d:\Users\normalpcer\Documents\sync_code\P6146_[USACO20FEB]_Help_Yourself_G.cpp", "C++", 0, 0, 40, 0, 0, 0, 0, 0, 0, 0, 0, 0, 9, 8, 57
"d:\Users\normalpcer\Documents\sync_code\P6147_[USACO20FEB]_Delegation_G.cpp", "C++", 0, 0, 69, 0, 0, 0, 0, 0, 0, 0, 0, 0, 24, 13, 106
"d:\Users\normalpcer\Documents\sync_code\P6190_[NOI_Online_#1_入门组]_魔法.cpp", "C++", 0, 0, 155, 0, 0, 0, 0, 0, 0, 0, 0, 0, 49, 22, 226
"d:\Users\normalpcer\Documents\sync_code\P6221_[COCI2019_2020#6]_Trener.cpp", "C++", 0, 0, 36, 0, 0, 0, 0, 0, 0, 0, 0, 0, 3, 9, 48
"d:\Users\normalpcer\Documents\sync_code\P6278_[USACO20OPEN]_Haircut_G.cpp", "C++", 0, 0, 56, 0, 0, 0, 0, 0, 0, 0, 0, 0, 11, 11, 78
"d:\Users\normalpcer\Documents\sync_code\P6279_[USACO20OPEN]_Favorite_Colors_G.cpp", "C++", 0, 0, 55, 0, 0, 0, 0, 0, 0, 0, 0, 0, 13, 16, 84
"d:\Users\normalpcer\Documents\sync_code\P6280_[USACO20OPEN]_Exercise_G.cpp", "C++", 0, 0, 48, 0, 0, 0, 0, 0, 0, 0, 0, 0, 4, 8, 60
"d:\Users\normalpcer\Documents\sync_code\P6323_[COCI2006_2007#4]_ZBRKA.cpp", "C++", 0, 0, 31, 0, 0, 0, 0, 0, 0, 0, 0, 0, 3, 8, 42
"d:\Users\normalpcer\Documents\sync_code\P6477_[NOI_Online_#2_提高组]_子序列问题.cpp", "C++", 0, 0, 95, 0, 0, 0, 0, 0, 0, 0, 0, 0, 6, 11, 112
"d:\Users\normalpcer\Documents\sync_code\P6492_[COCI2010_2011#6]_STEP.cpp", "C++", 0, 0, 70, 0, 0, 0, 0, 0, 0, 0, 0, 0, 3, 14, 87
"d:\Users\normalpcer\Documents\sync_code\P6569_[NOI_Online_#3_提高组]_魔法值.cpp", "C++", 0, 0, 87, 0, 0, 0, 0, 0, 0, 0, 0, 0, 35, 17, 139
"d:\Users\normalpcer\Documents\sync_code\P6772_[NOI2020]_美食家.cpp", "C++", 0, 0, 162, 0, 0, 0, 0, 0, 0, 0, 0, 0, 46, 34, 242
"d:\Users\normalpcer\Documents\sync_code\P6869_[COCI2019_2020#5]_Putovanje.cpp", "C++", 0, 0, 95, 0, 0, 0, 0, 0, 0, 0, 0, 0, 9, 8, 112
"d:\Users\normalpcer\Documents\sync_code\P6870_[COCI2019_2020#5]_Zapina.cpp", "C++", 0, 0, 57, 0, 0, 0, 0, 0, 0, 0, 0, 0, 9, 8, 74
"d:\Users\normalpcer\Documents\sync_code\P6883_[COCI2016_2017#3]_Kroničan.cpp", "C++", 0, 0, 47, 0, 0, 0, 0, 0, 0, 0, 0, 0, 3, 8, 58
"d:\Users\normalpcer\Documents\sync_code\P7057_[NWRRC2015]_Journey_to_the_The_Worlds_Start.cpp", "C++", 0, 0, 86, 0, 0, 0, 0, 0, 0, 0, 0, 0, 4, 10, 100
"d:\Users\normalpcer\Documents\sync_code\P7075.solution.md", "Markdown", 175, 0, 0, 0, 0, 0, 0, 0, 0, 0, 0, 0, 0, 34, 209
"d:\Users\normalpcer\Documents\sync_code\P7075_[CSP_S2020]_儒略日.cpp", "C++", 0, 0, 368, 0, 0, 0, 0, 0, 0, 0, 0, 0, 18, 30, 416
"d:\Users\normalpcer\Documents\sync_code\P7113.solution.md", "Markdown", 95, 0, 0, 0, 0, 0, 0, 0, 0, 0, 0, 0, 0, 15, 110
"d:\Users\normalpcer\Documents\sync_code\P7113_[NOIP2020]_排水系统.cpp", "C++", 0, 0, 76, 0, 0, 0, 0, 0, 0, 0, 0, 0, 3, 9, 88
"d:\Users\normalpcer\Documents\sync_code\P7151_[USACO20DEC]_Replication_G.cpp", "C++", 0, 0, 13, 0, 0, 0, 0, 0, 0, 0, 0, 0, 6, 3, 22
"d:\Users\normalpcer\Documents\sync_code\P7152_[USACO20DEC]_Bovine_Genetics_G.cpp", "C++", 0, 0, 69, 0, 0, 0, 0, 0, 0, 0, 0, 0, 69, 9, 147
"d:\Users\normalpcer\Documents\sync_code\P7153_[USACO20DEC]_Square_Pasture_G.cpp", "C++", 0, 0, 70, 0, 0, 0, 0, 0, 0, 0, 0, 0, 39, 18, 127
"d:\Users\normalpcer\Documents\sync_code\P7162_[COCI2020_2021#2]_Sjekira.cpp", "C++", 0, 0, 64, 0, 0, 0, 0, 0, 0, 0, 0, 0, 9, 9, 82
"d:\Users\normalpcer\Documents\sync_code\P7165_[COCI2020_2021#1]_Papričice.cpp", "C++", 0, 0, 92, 0, 0, 0, 0, 0, 0, 0, 0, 0, 22, 9, 123
"d:\Users\normalpcer\Documents\sync_code\P7170_[COCI2020_2021#3]_Sateliti.cpp", "C++", 0, 0, 96, 0, 0, 0, 0, 0, 0, 0, 0, 0, 16, 12, 124
"d:\Users\normalpcer\Documents\sync_code\P7170_[COCI2020_2021#3]_Sateliti_1d.cpp", "C++", 0, 0, 49, 0, 0, 0, 0, 0, 0, 0, 0, 0, 6, 10, 65
"d:\Users\normalpcer\Documents\sync_code\P7210_[COCI2020_2021#3]_Vlak.cpp", "C++", 0, 0, 101, 0, 0, 0, 0, 0, 0, 0, 0, 0, 16, 11, 128
"d:\Users\normalpcer\Documents\sync_code\P7281_[COCI2020_2021#4]_Vepar.cpp", "C++", 0, 0, 74, 0, 0, 0, 0, 0, 0, 0, 0, 0, 15, 12, 101
"d:\Users\normalpcer\Documents\sync_code\P7282_[COCI2020_2021#4]_Hop.cpp", "C++", 0, 0, 40, 0, 0, 0, 0, 0, 0, 0, 0, 0, 19, 8, 67
"d:\Users\normalpcer\Documents\sync_code\P7284_[COCI2020_2021#4]_Patkice_II.cpp", "C++", 0, 0, 125, 0, 0, 0, 0, 0, 0, 0, 0, 0, 4, 16, 145
"d:\Users\normalpcer\Documents\sync_code\P7296_[USACO21JAN]_Uddered_but_not_Herd_G.cpp", "C++", 0, 0, 79, 0, 0, 0, 0, 0, 0, 0, 0, 0, 13, 12, 104
"d:\Users\normalpcer\Documents\sync_code\P7297_[USACO21JAN]_Telephone_G.cpp", "C++", 0, 0, 136, 0, 0, 0, 0, 0, 0, 0, 0, 0, 38, 17, 191
"d:\Users\normalpcer\Documents\sync_code\P7298_[USACO21JAN]_Dance_Mooves_G.cpp", "C++", 0, 0, 38, 0, 0, 0, 0, 0, 0, 0, 0, 0, 7, 7, 52
"d:\Users\normalpcer\Documents\sync_code\P7302_[NOI1998]_免费的馅饼.cpp", "C++", 0, 0, 75, 0, 0, 0, 0, 0, 0, 0, 0, 0, 15, 11, 101
"d:\Users\normalpcer\Documents\sync_code\P7381_[COCI2018_2019#6]_Sličice.cpp", "C++", 0, 0, 48, 0, 0, 0, 0, 0, 0, 0, 0, 0, 3, 11, 62
"d:\Users\normalpcer\Documents\sync_code\P7552_[COCI_2020_2021_#6]_Anagramistica.cpp", "C++", 0, 0, 58, 0, 0, 0, 0, 0, 0, 0, 0, 0, 13, 10, 81
"d:\Users\normalpcer\Documents\sync_code\P7610_[THUPC2021]_群星连结.cpp", "C++", 0, 0, 524, 0, 0, 0, 0, 0, 0, 0, 0, 0, 53, 101, 678
"d:\Users\normalpcer\Documents\sync_code\P7735_[NOI2021]_轻重边.cpp", "C++", 0, 0, 194, 0, 0, 0, 0, 0, 0, 0, 0, 0, 19, 10, 223
"d:\Users\normalpcer\Documents\sync_code\P7867_「EVOI_RD1」马戏团.cpp", "C++", 0, 0, 103, 0, 0, 0, 0, 0, 0, 0, 0, 0, 4, 11, 118
"d:\Users\normalpcer\Documents\sync_code\P7867_「EVOI_RD1」马戏团.zcopy.cpp", "C++", 0, 0, 11, 0, 0, 0, 0, 0, 0, 0, 0, 0, 3, 5, 19
"d:\Users\normalpcer\Documents\sync_code\P7914_[CSP_S_2021]_括号序列.cpp", "C++", 0, 0, 102, 0, 0, 0, 0, 0, 0, 0, 0, 0, 25, 21, 148
"d:\Users\normalpcer\Documents\sync_code\P7915_[CSP_S_2021].cpp", "C++", 0, 0, 373, 0, 0, 0, 0, 0, 0, 0, 0, 0, 7, 30, 410
"d:\Users\normalpcer\Documents\sync_code\P8010_「Wdsr_3」令人感伤的红雨.cpp", "C++", 0, 0, 347, 0, 0, 0, 0, 0, 0, 0, 0, 0, 29, 16, 392
"d:\Users\normalpcer\Documents\sync_code\P8251_[NOI_Online_2022_提高组]_丹钓战.cpp", "C++", 0, 0, 70, 0, 0, 0, 0, 0, 0, 0, 0, 0, 4, 13, 87
"d:\Users\normalpcer\Documents\sync_code\P8289_[省选联考_2022]_预处理器.cpp", "C++", 0, 0, 109, 0, 0, 0, 0, 0, 0, 0, 0, 0, 15, 17, 141
"d:\Users\normalpcer\Documents\sync_code\P8405_[COCI_2021_2022_#6]_Naboj.cpp", "C++", 0, 0, 63, 0, 0, 0, 0, 0, 0, 0, 0, 0, 3, 13, 79
"d:\Users\normalpcer\Documents\sync_code\P8564_ρars_ey.cpp", "C++", 0, 0, 52, 0, 0, 0, 0, 0, 0, 0, 0, 0, 3, 10, 65
"d:\Users\normalpcer\Documents\sync_code\P8756_国际象棋.cpp", "C++", 0, 0, 115, 0, 0, 0, 0, 0, 0, 0, 0, 0, 20, 10, 145
"d:\Users\normalpcer\Documents\sync_code\P8773_[蓝桥杯_2022_省_A]_选数异或.cpp", "C++", 0, 0, 46, 0, 0, 0, 0, 0, 0, 0, 0, 0, 3, 14, 63
"d:\Users\normalpcer\Documents\sync_code\P8815_[CSP_J_2022]_逻辑表达式.py", "Python", 0, 0, 0, 0, 41, 0, 0, 0, 0, 0, 0, 0, 0, 8, 49
"d:\Users\normalpcer\Documents\sync_code\P8819_[CSP_S_2022]_星战.cpp", "C++", 0, 0, 85, 0, 0, 0, 0, 0, 0, 0, 0, 0, 3, 13, 101
"d:\Users\normalpcer\Documents\sync_code\P8850 题解.md", "Markdown", 118, 0, 0, 0, 0, 0, 0, 0, 0, 0, 0, 0, 0, 35, 153
"d:\Users\normalpcer\Documents\sync_code\P8850_[JRKSJ_R5]_Jalapeno_and_Garlic.cpp", "C++", 0, 0, 48, 0, 0, 0, 0, 0, 0, 0, 0, 0, 53, 12, 113
"d:\Users\normalpcer\Documents\sync_code\P9029_[COCI_2022_2023_#1]_Čokolade.cpp", "C++", 0, 0, 78, 0, 0, 0, 0, 0, 0, 0, 0, 0, 23, 11, 112
"d:\Users\normalpcer\Documents\sync_code\P9176_[COCI_2022_2023_#4]_Vrsta.cpp", "C++", 0, 0, 70, 0, 0, 0, 0, 0, 0, 0, 0, 0, 14, 10, 94
"d:\Users\normalpcer\Documents\sync_code\P9178_[COCI_2022_2023_#5]_Diskurs.cpp", "C++", 0, 0, 28, 0, 0, 0, 0, 0, 0, 0, 0, 0, 26, 8, 62
"d:\Users\normalpcer\Documents\sync_code\P9179_[COCI_2022_2023_#5]_Logaritam.cpp", "C++", 0, 0, 55, 0, 0, 0, 0, 0, 0, 0, 0, 0, 23, 10, 88
"d:\Users\normalpcer\Documents\sync_code\P9234_[蓝桥杯_2023_省_A]_买瓜.cpp", "C++", 0, 0, 59, 0, 0, 0, 0, 0, 0, 0, 0, 0, 14, 11, 84
"d:\Users\normalpcer\Documents\sync_code\P9753_[CSP_S_2023]_消消乐.cpp", "C++", 0, 0, 157, 0, 0, 0, 0, 0, 0, 0, 0, 0, 13, 10, 180
"d:\Users\normalpcer\Documents\sync_code\P9754_[CSP_S_2023]_结构体.cpp", "C++", 0, 0, 325, 0, 0, 0, 0, 0, 0, 0, 0, 0, 45, 38, 408
"d:\Users\normalpcer\Documents\sync_code\P9759_[COCI_2022_2023_#3]_Bomboni.cpp", "C++", 0, 0, 49, 0, 0, 0, 0, 0, 0, 0, 0, 0, 18, 10, 77
"d:\Users\normalpcer\Documents\sync_code\P9871_[NOIP2023]_天天爱打卡.cpp", "C++", 0, 0, 175, 0, 0, 0, 0, 0, 0, 0, 0, 0, 16, 11, 202
"d:\Users\normalpcer\Documents\sync_code\P9905_[COCI_2023_2024_#1]_AN2DL.cpp", "C++", 0, 0, 57, 0, 0, 0, 0, 0, 0, 0, 0, 0, 14, 13, 84
"d:\Users\normalpcer\Documents\sync_code\P9911_[COCI_2023_2024_#2]_Kuglice.cpp", "C++", 0, 0, 52, 0, 0, 0, 0, 0, 0, 0, 0, 0, 19, 13, 84
"d:\Users\normalpcer\Documents\sync_code\P9912_[COCI_2023_2024_#2]_Zatopljenje.cpp", "C++", 0, 0, 92, 0, 0, 0, 0, 0, 0, 0, 0, 0, 10, 13, 115
"d:\Users\normalpcer\Documents\sync_code\SP1043_GSS1___Can_you_answer_these_queries_I.cpp", "C++", 0, 0, 72, 0, 0, 0, 0, 0, 0, 0, 0, 0, 5, 8, 85
"d:\Users\normalpcer\Documents\sync_code\SP1557_GSS2___Can_you_answer_these_queries_II.cpp", "C++", 0, 0, 60, 0, 0, 0, 0, 0, 0, 0, 0, 0, 3, 11, 74
"d:\Users\normalpcer\Documents\sync_code\SP1716_GSS3___Can_you_answer_these_queries_III.cpp", "C++", 0, 0, 86, 0, 0, 0, 0, 0, 0, 0, 0, 0, 5, 8, 99
"d:\Users\normalpcer\Documents\sync_code\SP2916_GSS5___Can_you_answer_these_queries_V.cpp", "C++", 0, 0, 154, 0, 0, 0, 0, 0, 0, 0, 0, 0, 7, 22, 183
"d:\Users\normalpcer\Documents\sync_code\SP6779_GSS7___Can_you_answer_these_queries_VII.cpp", "C++", 0, 0, 178, 0, 0, 0, 0, 0, 0, 0, 0, 0, 6, 9, 193
"d:\Users\normalpcer\Documents\sync_code\T519316_【模板】取模.cpp", "C++", 0, 0, 36, 0, 0, 0, 0, 0, 0, 0, 0, 0, 3, 7, 46
"d:\Users\normalpcer\Documents\sync_code\T565373 「TFXOI R1」我欲于群山之巅.cpp", "C++", 0, 0, 108, 0, 0, 0, 0, 0, 0, 0, 0, 0, 6, 13, 127
"d:\Users\normalpcer\Documents\sync_code\T565382 「TFXOI R1」创世纪.cpp", "C++", 0, 0, 370, 0, 0, 0, 0, 0, 0, 0, 0, 0, 26, 24, 420
"d:\Users\normalpcer\Documents\sync_code\T565382 「TFXOI R1」创世纪.md", "Markdown", 95, 0, 0, 0, 0, 0, 0, 0, 0, 0, 0, 0, 0, 29, 124
"d:\Users\normalpcer\Documents\sync_code\T587716_「言出法随」.cpp", "C++", 0, 0, 42, 0, 0, 0, 0, 0, 0, 0, 0, 0, 3, 6, 51
"d:\Users\normalpcer\Documents\sync_code\U81904_【模板】树的直径.cpp", "C++", 0, 0, 309, 0, 0, 0, 0, 0, 0, 0, 0, 0, 13, 30, 352
"d:\Users\normalpcer\Documents\sync_code\UVA12421_(Jiandan)_Mua_(I)___Lexical_Analyzer.cpp", "C++", 0, 0, 1050, 0, 0, 0, 0, 0, 0, 0, 0, 0, 49, 43, 1142
"d:\Users\normalpcer\Documents\sync_code\UVA12422.translate.md", "Markdown", 73, 0, 0, 0, 0, 0, 0, 0, 0, 0, 0, 0, 0, 34, 107
"d:\Users\normalpcer\Documents\sync_code\UVA12423.translate.md", "Markdown", 55, 0, 0, 0, 0, 0, 0, 0, 0, 0, 0, 0, 0, 29, 84
"d:\Users\normalpcer\Documents\sync_code\[ABC270D]_Stones.cpp", "C++", 0, 0, 31, 0, 0, 0, 0, 0, 0, 0, 0, 0, 12, 10, 53
"d:\Users\normalpcer\Documents\sync_code\__P3369_【模板】普通平衡树__ copy.cpp", "C++", 0, 0, 240, 0, 0, 0, 0, 0, 0, 0, 0, 0, 5, 20, 265
"d:\Users\normalpcer\Documents\sync_code\__SegmentTree.cpp", "C++", 0, 0, 146, 0, 0, 0, 0, 0, 0, 0, 0, 0, 0, 19, 165
"d:\Users\normalpcer\Documents\sync_code\__bigInt.cpp", "C++", 0, 0, 236, 0, 0, 0, 0, 0, 0, 0, 0, 0, 2, 34, 272
"d:\Users\normalpcer\Documents\sync_code\_c.cpp", "C++", 0, 0, 14, 0, 0, 0, 0, 0, 0, 0, 0, 0, 5, 9, 28
"d:\Users\normalpcer\Documents\sync_code\_check.cpp", "C++", 0, 0, 134, 0, 0, 0, 0, 0, 0, 0, 0, 0, 2, 29, 165
"d:\Users\normalpcer\Documents\sync_code\_d.cpp", "C++", 0, 0, 11, 0, 0, 0, 0, 0, 0, 0, 0, 0, 3, 6, 20
"d:\Users\normalpcer\Documents\sync_code\_g.cpp", "C++", 0, 0, 11, 0, 0, 0, 0, 0, 0, 0, 0, 0, 3, 7, 21
"d:\Users\normalpcer\Documents\sync_code\_nd.cpp", "C++", 0, 0, 40, 0, 0, 0, 0, 0, 0, 0, 0, 0, 3, 9, 52
"d:\Users\normalpcer\Documents\sync_code\_posts\1.md", "Markdown", 278, 0, 0, 0, 0, 0, 0, 0, 0, 0, 0, 0, 0, 193, 471
"d:\Users\normalpcer\Documents\sync_code\_test_untitled_map.cpp", "C++", 0, 0, 277, 0, 0, 0, 0, 0, 0, 0, 0, 0, 3, 48, 328
"d:\Users\normalpcer\Documents\sync_code\aChineseChessSoftwareWrittenWithPythonWhichAllowsOnlinePlayingWithAI_ByBcdmwsjy.py", "Python", 0, 0, 0, 0, 272, 0, 0, 0, 0, 0, 0, 0, 1, 45, 318
"d:\Users\normalpcer\Documents\sync_code\add.py", "Python", 0, 0, 0, 0, 5, 0, 0, 0, 0, 0, 0, 0, 1, 2, 8
"d:\Users\normalpcer\Documents\sync_code\bcdmwSjy 的聊天客户端.py", "Python", 0, 0, 0, 0, 86, 0, 0, 0, 0, 0, 0, 0, 2, 21, 109
"d:\Users\normalpcer\Documents\sync_code\check.cpp", "C++", 0, 0, 113, 0, 0, 0, 0, 0, 0, 0, 0, 0, 1, 25, 139
"d:\Users\normalpcer\Documents\sync_code\check.py", "Python", 0, 0, 0, 0, 18, 0, 0, 0, 0, 0, 0, 0, 0, 5, 23
"d:\Users\normalpcer\Documents\sync_code\check_arena.cpp", "C++", 0, 0, 237, 0, 0, 0, 0, 0, 0, 0, 0, 0, 3, 40, 280
"d:\Users\normalpcer\Documents\sync_code\check_arena0.cpp", "C++", 0, 0, 136, 0, 0, 0, 0, 0, 0, 0, 0, 0, 38, 17, 191
"d:\Users\normalpcer\Documents\sync_code\check_arena1.cpp", "C++", 0, 0, 159, 0, 0, 0, 0, 0, 0, 0, 0, 0, 41, 24, 224
"d:\Users\normalpcer\Documents\sync_code\check_arena2.cpp", "C++", 0, 0, 79, 0, 0, 0, 0, 0, 0, 0, 0, 0, 0, 0, 79
"d:\Users\normalpcer\Documents\sync_code\check_arena3.cpp", "C++", 0, 0, 111, 0, 0, 0, 0, 0, 0, 0, 0, 0, 0, 0, 111
"d:\Users\normalpcer\Documents\sync_code\check_arena4.cpp", "C++", 0, 0, 88, 0, 0, 0, 0, 0, 0, 0, 0, 0, 0, 5, 93
"d:\Users\normalpcer\Documents\sync_code\check_arena5.cpp", "C++", 0, 0, 95, 0, 0, 0, 0, 0, 0, 0, 0, 0, 3, 28, 126
"d:\Users\normalpcer\Documents\sync_code\check_gen.cpp", "C++", 0, 0, 29, 0, 0, 0, 0, 0, 0, 0, 0, 0, 1, 3, 33
"d:\Users\normalpcer\Documents\sync_code\clean.bat", "Batch", 0, 0, 0, 0, 0, 0, 0, 10, 0, 0, 0, 0, 0, 1, 11
"d:\Users\normalpcer\Documents\sync_code\codeZip.py", "Python", 0, 0, 0, 0, 37, 0, 0, 0, 0, 0, 0, 0, 1, 10, 48
"d:\Users\normalpcer\Documents\sync_code\cppLauncherWrittenForBcdmwSjy.py", "Python", 0, 0, 0, 0, 10, 0, 0, 0, 0, 0, 0, 0, 0, 3, 13
"d:\Users\normalpcer\Documents\sync_code\cppNoSpace_bcdmwSjy.py", "Python", 0, 0, 0, 0, 43, 0, 0, 0, 0, 0, 0, 0, 0, 3, 46
"d:\Users\normalpcer\Documents\sync_code\data_generator.cpp", "C++", 0, 0, 37, 0, 0, 0, 0, 0, 0, 0, 0, 0, 1, 5, 43
"d:\Users\normalpcer\Documents\sync_code\debug.cpp", "C++", 0, 0, 14, 0, 0, 0, 0, 0, 0, 0, 0, 0, 5, 9, 28
"d:\Users\normalpcer\Documents\sync_code\dist\1.js", "JavaScript", 0, 0, 0, 0, 0, 0, 139, 0, 0, 0, 0, 0, 14, 1, 154
"d:\Users\normalpcer\Documents\sync_code\dist\2.5.js", "JavaScript", 0, 0, 0, 0, 0, 0, 15, 0, 0, 0, 0, 0, 12, 1, 28
"d:\Users\normalpcer\Documents\sync_code\dist\2.js", "JavaScript", 0, 0, 0, 0, 0, 0, 36, 0, 0, 0, 0, 0, 12, 1, 49
"d:\Users\normalpcer\Documents\sync_code\dist\3.js", "JavaScript", 0, 0, 0, 0, 0, 0, 66, 0, 0, 0, 0, 0, 14, 1, 81
"d:\Users\normalpcer\Documents\sync_code\dist\4.js", "JavaScript", 0, 0, 0, 0, 0, 0, 2, 0, 0, 0, 0, 0, 0, 1, 3
"d:\Users\normalpcer\Documents\sync_code\dist\5.js", "JavaScript", 0, 0, 0, 0, 0, 0, 80, 0, 0, 0, 0, 0, 28, 1, 109
"d:\Users\normalpcer\Documents\sync_code\dist\6.js", "JavaScript", 0, 0, 0, 0, 0, 0, 134, 0, 0, 0, 0, 0, 16, 1, 151
"d:\Users\normalpcer\Documents\sync_code\dist\7.js", "JavaScript", 0, 0, 0, 0, 0, 0, 60, 0, 0, 0, 0, 0, 12, 1, 73
"d:\Users\normalpcer\Documents\sync_code\dist\LuoguMarkProblem.js", "JavaScript", 0, 0, 0, 0, 0, 0, 85, 0, 0, 0, 0, 0, 13, 1, 99
"d:\Users\normalpcer\Documents\sync_code\dist\luogu-alias-tag\luoguAliasAndCustomizedTags.js", "JavaScript", 0, 0, 0, 0, 0, 0, 556, 0, 0, 0, 0, 0, 106, 1, 663
"d:\Users\normalpcer\Documents\sync_code\dist\luoguAliasAndCustomizedTags.js", "JavaScript", 0, 0, 0, 0, 0, 0, 561, 0, 0, 0, 0, 0, 107, 1, 669
"d:\Users\normalpcer\Documents\sync_code\inferior.cpp", "C++", 0, 0, 114, 0, 0, 0, 0, 0, 0, 0, 0, 0, 6, 24, 144
"d:\Users\normalpcer\Documents\sync_code\init.cpp", "C++", 0, 0, 14, 0, 0, 0, 0, 0, 0, 0, 0, 0, 3, 8, 25
"d:\Users\normalpcer\Documents\sync_code\input.cpp", "C++", 0, 0, 72, 0, 0, 0, 0, 0, 0, 0, 0, 0, 0, 1, 73
"d:\Users\normalpcer\Documents\sync_code\launch.json.cpp", "C++", 0, 0, 14, 0, 0, 0, 0, 0, 0, 0, 0, 0, 5, 9, 28
"d:\Users\normalpcer\Documents\sync_code\lib", "C++", 0, 0, 20, 0, 0, 0, 0, 0, 0, 0, 0, 0, 0, 2, 22
"d:\Users\normalpcer\Documents\sync_code\lib_legecy.hpp", "C++", 0, 0, 24, 0, 0, 0, 0, 0, 0, 0, 0, 0, 0, 2, 26
"d:\Users\normalpcer\Documents\sync_code\lib_v2.hpp", "C++", 0, 0, 24, 0, 0, 0, 0, 0, 0, 0, 0, 0, 0, 2, 26
"d:\Users\normalpcer\Documents\sync_code\lib_v3.hpp", "C++", 0, 0, 21, 0, 0, 0, 0, 0, 0, 0, 0, 0, 0, 1, 22
"d:\Users\normalpcer\Documents\sync_code\lib_v4.hpp", "C++", 0, 0, 21, 0, 0, 0, 0, 0, 0, 0, 0, 0, 0, 1, 22
"d:\Users\normalpcer\Documents\sync_code\lib_v5.hpp", "C++", 0, 0, 20, 0, 0, 0, 0, 0, 0, 0, 0, 0, 0, 2, 22
"d:\Users\normalpcer\Documents\sync_code\libs\__vector.hpp", "C++", 0, 0, 132, 0, 0, 0, 0, 0, 0, 0, 0, 0, 0, 19, 151
"d:\Users\normalpcer\Documents\sync_code\libs\_bigInt.hpp", "C++", 0, 0, 202, 0, 0, 0, 0, 0, 0, 0, 0, 0, 2, 26, 230
"d:\Users\normalpcer\Documents\sync_code\libs\all.hpp", "C++", 0, 0, 10, 0, 0, 0, 0, 0, 0, 0, 0, 0, 0, 0, 10
"d:\Users\normalpcer\Documents\sync_code\libs\binary.hpp", "C++", 0, 0, 40, 0, 0, 0, 0, 0, 0, 0, 0, 0, 0, 1, 41
"d:\Users\normalpcer\Documents\sync_code\libs\bit.hpp", "C++", 0, 0, 17, 0, 0, 0, 0, 0, 0, 0, 0, 0, 3, 0, 20
"d:\Users\normalpcer\Documents\sync_code\libs\debug_log.hpp", "C++", 0, 0, 13, 0, 0, 0, 0, 0, 0, 0, 0, 0, 0, 0, 13
"d:\Users\normalpcer\Documents\sync_code\libs\debug_macros.hpp", "C++", 0, 0, 6, 0, 0, 0, 0, 0, 0, 0, 0, 0, 0, 0, 6
"d:\Users\normalpcer\Documents\sync_code\libs\fixed_int.hpp", "C++", 0, 0, 2, 0, 0, 0, 0, 0, 0, 0, 0, 0, 0, 1, 3
"d:\Users\normalpcer\Documents\sync_code\libs\io.hpp", "C++", 0, 0, 302, 0, 0, 0, 0, 0, 0, 0, 0, 0, 2, 10, 314
"d:\Users\normalpcer\Documents\sync_code\libs\io_legecy.hpp", "C++", 0, 0, 137, 0, 0, 0, 0, 0, 0, 0, 0, 0, 3, 0, 140
"d:\Users\normalpcer\Documents\sync_code\libs\launch.json", "JSON with Comments", 0, 0, 0, 0, 0, 0, 0, 0, 28, 0, 0, 0, 6, 0, 34
"d:\Users\normalpcer\Documents\sync_code\libs\mapArray.hpp", "C++", 0, 0, 19, 0, 0, 0, 0, 0, 0, 0, 0, 0, 0, 1, 20
"d:\Users\normalpcer\Documents\sync_code\libs\mod.hpp", "C++", 0, 0, 71, 0, 0, 0, 0, 0, 0, 0, 0, 0, 0, 3, 74
"d:\Users\normalpcer\Documents\sync_code\libs\optimize.hpp", "C++", 0, 0, 2, 0, 0, 0, 0, 0, 0, 0, 0, 0, 0, 1, 3
"d:\Users\normalpcer\Documents\sync_code\libs\range.hpp", "C++", 0, 0, 18, 0, 0, 0, 0, 0, 0, 0, 0, 0, 0, 0, 18
"d:\Users\normalpcer\Documents\sync_code\libs\rollingArray.hpp", "C++", 0, 0, 33, 0, 0, 0, 0, 0, 0, 0, 0, 0, 0, 4, 37
"d:\Users\normalpcer\Documents\sync_code\libs\rollingArray2.hpp", "C++", 0, 0, 11, 0, 0, 0, 0, 0, 0, 0, 0, 0, 0, 1, 12
"d:\Users\normalpcer\Documents\sync_code\libs\rolling_container.hpp", "C++", 0, 0, 49, 0, 0, 0, 0, 0, 0, 0, 0, 0, 0, 3, 52
"d:\Users\normalpcer\Documents\sync_code\libs\sio.hpp", "C++", 0, 0, 99, 0, 0, 0, 0, 0, 0, 0, 0, 0, 3, 8, 110
"d:\Users\normalpcer\Documents\sync_code\libs\string.hpp", "C++", 0, 0, 51, 0, 0, 0, 0, 0, 0, 0, 0, 0, 0, 0, 51
"d:\Users\normalpcer\Documents\sync_code\libs\unicode.hpp", "C++", 0, 0, 271, 0, 0, 0, 0, 0, 0, 0, 0, 0, 11, 11, 293
"d:\Users\normalpcer\Documents\sync_code\libs\vector.hpp", "C++", 0, 0, 76, 0, 0, 0, 0, 0, 0, 0, 0, 0, 0, 15, 91
"d:\Users\normalpcer\Documents\sync_code\luoguAcceptedRateCalculator.js", "JavaScript", 0, 0, 0, 0, 0, 0, 33, 0, 0, 0, 0, 0, 14, 8, 55
"d:\Users\normalpcer\Documents\sync_code\luoguAliasAndCustomizedTags.ts", "TypeScript", 0, 545, 0, 0, 0, 0, 0, 0, 0, 0, 0, 0, 107, 29, 681
"d:\Users\normalpcer\Documents\sync_code\luoguBlackProblemPythonSolutionCounter.py", "Python", 0, 0, 0, 0, 45, 0, 0, 0, 0, 0, 0, 0, 0, 9, 54
"d:\Users\normalpcer\Documents\sync_code\luoguColorfulUsernameBasedOnUID.js", "JavaScript", 0, 0, 0, 0, 0, 0, 42, 0, 0, 0, 0, 0, 25, 9, 76
"d:\Users\normalpcer\Documents\sync_code\luoguPopularityRatingCalculator.js", "JavaScript", 0, 0, 0, 0, 0, 0, 100, 0, 0, 0, 0, 0, 31, 24, 155
"d:\Users\normalpcer\Documents\sync_code\markdownForZhihu.py", "Python", 0, 0, 0, 0, 108, 0, 0, 0, 0, 0, 0, 0, 18, 25, 151
"d:\Users\normalpcer\Documents\sync_code\qiaoqiao2008.js", "JavaScript", 0, 0, 0, 0, 0, 0, 284, 0, 0, 0, 0, 0, 31, 22, 337
"d:\Users\normalpcer\Documents\sync_code\randlib.hpp", "C++", 0, 0, 88, 0, 0, 0, 0, 0, 0, 0, 0, 0, 0, 7, 95
"d:\Users\normalpcer\Documents\sync_code\result.cpp", "C++", 0, 0, 119, 0, 0, 0, 0, 0, 0, 0, 0, 0, 1, 1, 121
"d:\Users\normalpcer\Documents\sync_code\runCpp.py", "Python", 0, 0, 0, 0, 334, 0, 0, 0, 0, 0, 0, 0, 15, 51, 400
"d:\Users\normalpcer\Documents\sync_code\runcpp.cpp", "C++", 0, 0, 645, 0, 0, 0, 0, 0, 0, 0, 0, 0, 33, 70, 748
"d:\Users\normalpcer\Documents\sync_code\sjy.cpp", "C++", 0, 0, 115, 0, 0, 0, 0, 0, 0, 0, 0, 0, 9, 4, 128
"d:\Users\normalpcer\Documents\sync_code\solution.cpp", "C++", 0, 0, 159, 0, 0, 0, 0, 0, 0, 0, 0, 0, 1, 8, 168
"d:\Users\normalpcer\Documents\sync_code\sync.bat", "Batch", 0, 0, 0, 0, 0, 0, 0, 5, 0, 0, 0, 0, 0, 0, 5
"d:\Users\normalpcer\Documents\sync_code\template.cpp", "C++", 0, 0, 11, 0, 0, 0, 0, 0, 0, 0, 0, 0, 3, 4, 18
"d:\Users\normalpcer\Documents\sync_code\test.c", "C", 0, 0, 0, 0, 0, 0, 0, 0, 0, 0, 2, 0, 0, 1, 3
"d:\Users\normalpcer\Documents\sync_code\test.cpp", "C++", 0, 0, 113, 0, 0, 0, 0, 0, 0, 0, 0, 0, 0, 14, 127
"d:\Users\normalpcer\Documents\sync_code\test.js", "JavaScript", 0, 0, 0, 0, 0, 0, 35, 0, 0, 0, 0, 0, 13, 3, 51
"d:\Users\normalpcer\Documents\sync_code\test.py", "Python", 0, 0, 0, 0, 21, 0, 0, 0, 0, 0, 0, 0, 5, 8, 34
"d:\Users\normalpcer\Documents\sync_code\test.rs", "Rust", 0, 0, 0, 0, 0, 0, 0, 0, 0, 0, 0, 8, 1, 2, 11
"d:\Users\normalpcer\Documents\sync_code\test2.cpp", "C++", 0, 0, 4, 0, 0, 0, 0, 0, 0, 0, 0, 0, 0, 1, 5
"d:\Users\normalpcer\Documents\sync_code\test2.md", "Markdown", 92, 0, 0, 0, 0, 0, 0, 0, 0, 0, 0, 0, 0, 18, 110
"d:\Users\normalpcer\Documents\sync_code\test2.py", "Python", 0, 0, 0, 0, 10, 0, 0, 0, 0, 0, 0, 0, 3, 3, 16
"d:\Users\normalpcer\Documents\sync_code\test3.cpp", "C++", 0, 0, 37, 0, 0, 0, 0, 0, 0, 0, 0, 0, 0, 8, 45
"d:\Users\normalpcer\Documents\sync_code\test4.cpp", "C++", 0, 0, 49, 0, 0, 0, 0, 0, 0, 0, 0, 0, 20, 11, 80
"d:\Users\normalpcer\Documents\sync_code\test5.cpp", "C++", 0, 0, 1076, 0, 0, 0, 0, 0, 0, 0, 0, 0, 21, 33, 1130
"d:\Users\normalpcer\Documents\sync_code\test6.cpp", "C++", 0, 0, 17, 0, 0, 0, 0, 0, 0, 0, 0, 0, 1, 0, 18
"d:\Users\normalpcer\Documents\sync_code\test7.cpp", "C++", 0, 0, 48, 0, 0, 0, 0, 0, 0, 0, 0, 0, 8, 10, 66
"d:\Users\normalpcer\Documents\sync_code\test8.cpp", "C++", 0, 0, 19, 0, 0, 0, 0, 0, 0, 0, 0, 0, 0, 3, 22
"d:\Users\normalpcer\Documents\sync_code\test9.cpp", "C++", 0, 0, 0, 0, 0, 0, 0, 0, 0, 0, 0, 0, 0, 1, 1
"d:\Users\normalpcer\Documents\sync_code\test_aligned_alloc.cpp", "C++", 0, 0, 72, 0, 0, 0, 0, 0, 0, 0, 0, 0, 2, 17, 91
"d:\Users\normalpcer\Documents\sync_code\test_circle_buffer.cpp", "C++", 0, 0, 226, 0, 0, 0, 0, 0, 0, 0, 0, 0, 8, 6, 240
"d:\Users\normalpcer\Documents\sync_code\test_io.cpp", "C++", 0, 0, 222, 0, 0, 0, 0, 0, 0, 0, 0, 0, 0, 6, 228
"d:\Users\normalpcer\Documents\sync_code\test_rust\src\main.rs", "Rust", 0, 0, 0, 0, 0, 0, 0, 0, 0, 0, 0, 24, 0, 6, 30
"d:\Users\normalpcer\Documents\sync_code\test_rust\target\.rustc_info.json", "JSON", 0, 0, 0, 0, 0, 1, 0, 0, 0, 0, 0, 0, 0, 0, 1
"d:\Users\normalpcer\Documents\sync_code\test_rust\target\debug\.fingerprint\cfg-if-cf6a53d7866f9279\lib-cfg_if.json", "JSON", 0, 0, 0, 0, 0, 1, 0, 0, 0, 0, 0, 0, 0, 0, 1
"d:\Users\normalpcer\Documents\sync_code\test_rust\target\debug\.fingerprint\cfg-if-fb006ed226228755\lib-cfg_if.json", "JSON", 0, 0, 0, 0, 0, 1, 0, 0, 0, 0, 0, 0, 0, 0, 1
"d:\Users\normalpcer\Documents\sync_code\test_rust\target\debug\.fingerprint\getrandom-cbc680de5e5b4811\lib-getrandom.json", "JSON", 0, 0, 0, 0, 0, 1, 0, 0, 0, 0, 0, 0, 0, 0, 1
"d:\Users\normalpcer\Documents\sync_code\test_rust\target\debug\.fingerprint\getrandom-dbcd401787edfeb9\lib-getrandom.json", "JSON", 0, 0, 0, 0, 0, 1, 0, 0, 0, 0, 0, 0, 0, 0, 1
"d:\Users\normalpcer\Documents\sync_code\test_rust\target\debug\.fingerprint\ppv-lite86-d8edefb93ba7fd52\lib-ppv_lite86.json", "JSON", 0, 0, 0, 0, 0, 1, 0, 0, 0, 0, 0, 0, 0, 0, 1
"d:\Users\normalpcer\Documents\sync_code\test_rust\target\debug\.fingerprint\ppv-lite86-f557d697701bca55\lib-ppv_lite86.json", "JSON", 0, 0, 0, 0, 0, 1, 0, 0, 0, 0, 0, 0, 0, 0, 1
"d:\Users\normalpcer\Documents\sync_code\test_rust\target\debug\.fingerprint\rand-16e777f8cae8a50f\lib-rand.json", "JSON", 0, 0, 0, 0, 0, 1, 0, 0, 0, 0, 0, 0, 0, 0, 1
"d:\Users\normalpcer\Documents\sync_code\test_rust\target\debug\.fingerprint\rand-270928a9e85e96bd\lib-rand.json", "JSON", 0, 0, 0, 0, 0, 1, 0, 0, 0, 0, 0, 0, 0, 0, 1
"d:\Users\normalpcer\Documents\sync_code\test_rust\target\debug\.fingerprint\rand_chacha-9ba6c5d66e913007\lib-rand_chacha.json", "JSON", 0, 0, 0, 0, 0, 1, 0, 0, 0, 0, 0, 0, 0, 0, 1
"d:\Users\normalpcer\Documents\sync_code\test_rust\target\debug\.fingerprint\rand_chacha-cd905de44a4463eb\lib-rand_chacha.json", "JSON", 0, 0, 0, 0, 0, 1, 0, 0, 0, 0, 0, 0, 0, 0, 1
"d:\Users\normalpcer\Documents\sync_code\test_rust\target\debug\.fingerprint\rand_core-0e7e9221ccc178c0\lib-rand_core.json", "JSON", 0, 0, 0, 0, 0, 1, 0, 0, 0, 0, 0, 0, 0, 0, 1
"d:\Users\normalpcer\Documents\sync_code\test_rust\target\debug\.fingerprint\rand_core-8f209293550f512c\lib-rand_core.json", "JSON", 0, 0, 0, 0, 0, 1, 0, 0, 0, 0, 0, 0, 0, 0, 1
"d:\Users\normalpcer\Documents\sync_code\test_rust\target\debug\.fingerprint\test_rust-003e86b7c2edb77e\bin-test_rust.json", "JSON", 0, 0, 0, 0, 0, 1, 0, 0, 0, 0, 0, 0, 0, 0, 1
"d:\Users\normalpcer\Documents\sync_code\test_rust\target\debug\.fingerprint\test_rust-2732d4ad1b05810f\test-bin-test_rust.json", "JSON", 0, 0, 0, 0, 0, 1, 0, 0, 0, 0, 0, 0, 0, 0, 1
"d:\Users\normalpcer\Documents\sync_code\test_rust\target\debug\.fingerprint\test_rust-8272741859d520a8\bin-test_rust.json", "JSON", 0, 0, 0, 0, 0, 1, 0, 0, 0, 0, 0, 0, 0, 0, 1
"d:\Users\normalpcer\Documents\sync_code\test_rust\target\debug\.fingerprint\test_rust-865d2aeef96097dc\test-bin-test_rust.json", "JSON", 0, 0, 0, 0, 0, 1, 0, 0, 0, 0, 0, 0, 0, 0, 1
"d:\Users\normalpcer\Documents\sync_code\test_rust\target\debug\.fingerprint\test_rust-94b626b223143549\bin-test_rust.json", "JSON", 0, 0, 0, 0, 0, 1, 0, 0, 0, 0, 0, 0, 0, 0, 1
"d:\Users\normalpcer\Documents\sync_code\test_rust\target\debug\.fingerprint\zerocopy-0c6013cc10a8fcbc\lib-zerocopy.json", "JSON", 0, 0, 0, 0, 0, 1, 0, 0, 0, 0, 0, 0, 0, 0, 1
"d:\Users\normalpcer\Documents\sync_code\test_rust\target\debug\.fingerprint\zerocopy-5a545a4bdddc2848\run-build-script-build-script-build.json", "JSON", 0, 0, 0, 0, 0, 1, 0, 0, 0, 0, 0, 0, 0, 0, 1
"d:\Users\normalpcer\Documents\sync_code\test_rust\target\debug\.fingerprint\zerocopy-5ac92900e3c6573d\lib-zerocopy.json", "JSON", 0, 0, 0, 0, 0, 1, 0, 0, 0, 0, 0, 0, 0, 0, 1
"d:\Users\normalpcer\Documents\sync_code\test_rust\target\debug\.fingerprint\zerocopy-a7aa877ddfc6aaf2\build-script-build-script-build.json", "JSON", 0, 0, 0, 0, 0, 1, 0, 0, 0, 0, 0, 0, 0, 0, 1
"d:\Users\normalpcer\Documents\sync_code\test_unicode_str.cpp", "C++", 0, 0, 275, 0, 0, 0, 0, 0, 0, 0, 0, 0, 13, 11, 299
"d:\Users\normalpcer\Documents\sync_code\tsconfig.json", "JSON with Comments", 0, 0, 0, 0, 0, 0, 0, 0, 11, 0, 0, 0, 89, 9, 109
"d:\Users\normalpcer\Documents\sync_code\uglify-cpp.py", "Python", 0, 0, 0, 0, 40, 0, 0, 0, 0, 0, 0, 0, 3, 15, 58
"d:\Users\normalpcer\Documents\sync_code\unicode_str.cpp", "C++", 0, 0, 280, 0, 0, 0, 0, 0, 0, 0, 0, 0, 13, 11, 304
"d:\Users\normalpcer\Documents\sync_code\unstd-cpp\README.md", "Markdown", 1, 0, 0, 0, 0, 0, 0, 0, 0, 0, 0, 0, 0, 0, 1
"d:\Users\normalpcer\Documents\sync_code\unstd-cpp\base.hpp", "C++", 0, 0, 4, 0, 0, 0, 0, 0, 0, 0, 0, 0, 0, 0, 4
"d:\Users\normalpcer\Documents\sync_code\unstd-cpp\container.cpp", "C++", 0, 0, 4, 0, 0, 0, 0, 0, 0, 0, 0, 0, 0, 2, 6
"d:\Users\normalpcer\Documents\sync_code\unstd-cpp\iterator.cpp", "C++", 0, 0, 30, 0, 0, 0, 0, 0, 0, 0, 0, 0, 0, 5, 35
"d:\Users\normalpcer\Documents\sync_code\unstd-cpp\untitled_set.hpp", "C++", 0, 0, 214, 0, 0, 0, 0, 0, 0, 0, 0, 0, 3, 37, 254
"d:\Users\normalpcer\Documents\sync_code\unstd-cpp\vector.hpp", "C++", 0, 0, 176, 0, 0, 0, 0, 0, 0, 0, 0, 0, 1, 14, 191
"d:\Users\normalpcer\Documents\sync_code\unstd_variant.cpp", "C++", 0, 0, 187, 0, 0, 0, 0, 0, 0, 0, 0, 0, 0, 13, 200
"d:\Users\normalpcer\Documents\sync_code\unstd_vector.cpp", "C++", 0, 0, 114, 0, 0, 0, 0, 0, 0, 0, 0, 0, 5, 15, 134
"d:\Users\normalpcer\Documents\sync_code\wordleHelper.py", "Python", 0, 0, 0, 0, 103, 0, 0, 0, 0, 0, 0, 0, 3, 18, 124
"d:\Users\normalpcer\Documents\sync_code\ys_lang.cpp", "C++", 0, 0, 1992, 0, 0, 0, 0, 0, 0, 0, 0, 0, 196, 48, 2236
"d:\Users\normalpcer\Documents\sync_code\zip.py", "Python", 0, 0, 0, 0, 48, 0, 0, 0, 0, 0, 0, 0, 0, 10, 58
"d:\Users\normalpcer\Documents\sync_code\关同步流没关上.cpp", "C++", 0, 0, 6, 0, 0, 0, 0, 0, 0, 0, 0, 0, 0, 1, 7
"d:\Users\normalpcer\Documents\sync_code\原神抽卡模拟.cpp", "C++", 0, 0, 82, 0, 0, 0, 0, 0, 0, 0, 0, 0, 10, 8, 100
"d:\Users\normalpcer\Documents\sync_code\弹出光盘驱动器.cpp", "C++", 0, 0, 7, 0, 0, 0, 0, 0, 0, 0, 0, 0, 0, 1, 8
"d:\Users\normalpcer\Documents\sync_code\快读测试.cpp", "C++", 0, 0, 9, 0, 0, 0, 0, 0, 0, 0, 0, 0, 0, 1, 10
"d:\Users\normalpcer\Documents\sync_code\慢速幂.cpp", "C++", 0, 0, 43, 0, 0, 0, 0, 0, 0, 0, 0, 0, 0, 6, 49
"d:\Users\normalpcer\Documents\sync_code\推箱子 C 性质数据生成器.cpp", "C++", 0, 0, 48, 0, 0, 0, 0, 0, 0, 0, 0, 0, 1, 6, 55
"d:\Users\normalpcer\Documents\sync_code\测试.cpp", "C++", 0, 0, 7, 0, 0, 0, 0, 0, 0, 0, 0, 0, 0, 1, 8
"d:\Users\normalpcer\Documents\sync_code\测试：支持步长的 range 函数.cpp", "C++", 0, 0, 54, 0, 0, 0, 0, 0, 0, 0, 0, 0, 3, 7, 64
"d:\Users\normalpcer\Documents\sync_code\矩阵乘法代数计算.cpp", "C++", 0, 0, 110, 0, 0, 0, 0, 0, 0, 0, 0, 0, 4, 17, 131
"d:\Users\normalpcer\Documents\sync_code\编译期计算 CRT.cpp", "C++", 0, 0, 52, 0, 0, 0, 0, 0, 0, 0, 0, 0, 1, 13, 66
"d:\Users\normalpcer\Documents\sync_code\让 AI 识别 AI 和人类的代码\1.cpp", "C++", 0, 0, 42, 0, 0, 0, 0, 0, 0, 0, 0, 0, 2, 0, 44
"d:\Users\normalpcer\Documents\sync_code\让 AI 识别 AI 和人类的代码\2.cpp", "C++", 0, 0, 66, 0, 0, 0, 0, 0, 0, 0, 0, 0, 2, 0, 68
"d:\Users\normalpcer\Documents\sync_code\让 AI 识别 AI 和人类的代码\3.cpp", "C++", 0, 0, 63, 0, 0, 0, 0, 0, 0, 0, 0, 0, 1, 7, 71
"d:\Users\normalpcer\Documents\sync_code\让 AI 识别 AI 和人类的代码\4.cpp", "C++", 0, 0, 62, 0, 0, 0, 0, 0, 0, 0, 0, 0, 1, 3, 66
"d:\Users\normalpcer\Documents\sync_code\超级大快读.cpp", "C++", 0, 0, 254, 0, 0, 0, 0, 0, 0, 0, 0, 0, 0, 2, 256
"d:\Users\normalpcer\Documents\sync_code\验证矩阵分配律.cpp", "C++", 0, 0, 121, 0, 0, 0, 0, 0, 0, 0, 0, 0, 5, 18, 144
"Total", "-", 3692, 1144, 67713, 54, 2251, 2885, 2228, 15, 39, 16, 487, 32, 7696, 9669, 97921